Accession ID	Collection date	Submission date	Location
EPI_ISL_14908638	2021-05-28	2022-09-10	South America / Brazil / Sao Paulo / Sorocaba
EPI_ISL_14908639	2021-05-28	2022-09-10	South America / Brazil / Sao Paulo / Itanhaem
EPI_ISL_14908640	2020-01-02	2022-09-10	South America / Brazil / Sao Paulo / Hortolandia
EPI_ISL_14908641	2020-01-18	2022-09-10	South America / Brazil / Sao Paulo / Mogi das Cruzes
EPI_ISL_14908642	2020-01-21	2022-09-10	South America / Brazil / Sao Paulo / Santa Cruz das Palmeiras
EPI_ISL_14908643	2020-01-15	2022-09-10	South America / Brazil / Sao Paulo / Pindamonhangaba
EPI_ISL_14908644	2020-01-21	2022-09-10	South America / Brazil / Sao Paulo / Cunha
EPI_ISL_14908645	2020-01-14	2022-09-10	South America / Brazil / Sao Paulo / Ourinhos
EPI_ISL_14908646	2020-01-28	2022-09-10	South America / Brazil / Sao Paulo / Osvaldo Cruz
EPI_ISL_14908647	2020-02-10	2022-09-10	South America / Brazil / Sao Paulo / Bastos
EPI_ISL_14908648	2020-02-08	2022-09-10	South America / Brazil / Sao Paulo / Moji Mirim
EPI_ISL_14908649	2020-02-17	2022-09-10	South America / Brazil / Sao Paulo / Guaruja
EPI_ISL_14908650	2020-02-14	2022-09-10	South America / Brazil / Sao Paulo / Conchal
EPI_ISL_14908651	2020-02-27	2022-09-10	South America / Brazil / Sao Paulo / Sao Paulo
EPI_ISL_14908652	2020-03-19	2022-09-10	South America / Brazil / Sao Paulo / Porto Feliz
EPI_ISL_14908653	2020-03-16	2022-09-10	South America / Brazil / Sao Paulo / Mogi Guacu
EPI_ISL_14908654	2020-02-04	2022-09-10	South America / Brazil / Sao Paulo / Lorena
EPI_ISL_14908655	2021-01-14	2022-09-10	South America / Brazil / Sao Paulo / Santos
EPI_ISL_14908656	2021-01-21	2022-09-10	South America / Brazil / Sao Paulo / Birigui
EPI_ISL_14908657	2021-02-04	2022-09-10	South America / Brazil / Sao Paulo / Barueri
EPI_ISL_14908658	2021-02-22	2022-09-10	South America / Brazil / Sao Paulo / Cubatao
EPI_ISL_14908659	2021-02-10	2022-09-10	South America / Brazil / Sao Paulo / Sao Vicente
EPI_ISL_14908660	2021-02-20	2022-09-10	South America / Brazil / Sao Paulo / Castilho
EPI_ISL_14908661	2021-03-18	2022-09-10	South America / Brazil / Sao Paulo / Ubatuba
EPI_ISL_14908662	2021-03-18	2022-09-10	South America / Brazil / Sao Paulo / Ubatuba
EPI_ISL_14908663	2021-03-02	2022-09-10	South America / Brazil / Sao Paulo / Andradina
EPI_ISL_14908664	2021-03-25	2022-09-10	South America / Brazil / Sao Paulo / Tiete
EPI_ISL_14908665	2021-04-02	2022-09-10	South America / Brazil / Sao Paulo / Ilhabela
EPI_ISL_14908666	2021-04-06	2022-09-10	South America / Brazil / Sao Paulo / Pirajui
EPI_ISL_14908667	2021-04-09	2022-09-10	South America / Brazil / Sao Paulo / Piracicaba
EPI_ISL_14908668	2021-04-07	2022-09-10	South America / Brazil / Sao Paulo / Bertioga
EPI_ISL_14908669	2021-03-25	2022-09-10	South America / Brazil / Sao Paulo / Arco-Iris
EPI_ISL_14908670	2021-04-13	2022-09-10	South America / Brazil / Sao Paulo / Tupa
EPI_ISL_14908671	2021-04-19	2022-09-10	South America / Brazil / Sao Paulo / Itabera
EPI_ISL_14908672	2021-05-06	2022-09-10	South America / Brazil / Sao Paulo / Itu
EPI_ISL_14908673	2021-04-25	2022-09-10	South America / Brazil / Sao Paulo / Piracicaba
EPI_ISL_14908674	2021-04-30	2022-09-10	South America / Brazil / Sao Paulo / Rubiacea
EPI_ISL_14908675	2021-05-04	2022-09-10	South America / Brazil / Sao Paulo / Mirandopolis
EPI_ISL_14908676	2020-04-03	2022-09-10	South America / Brazil / Sao Paulo / Sao Pedro do Turvo
EPI_ISL_14908677	2021-05-07	2022-09-10	South America / Brazil / Sao Paulo / Praia Grande
EPI_ISL_14908678	2022-01-30	2022-09-10	South America / Brazil / Sao Paulo / Piracicaba
EPI_ISL_14908679	2022-02-05	2022-09-10	South America / Brazil / Sao Paulo / Piracicaba
EPI_ISL_14908680	2022-03-17	2022-09-10	South America / Brazil / Sao Paulo / Tremembe
EPI_ISL_14908681	2022-03-11	2022-09-10	South America / Brazil / Sao Paulo / Piracicaba
EPI_ISL_14908682	2022-03-14	2022-09-10	South America / Brazil / Sao Paulo / Piracicaba
EPI_ISL_14908683	2022-03-21	2022-09-10	South America / Brazil / Sao Paulo / Sao Jose dos Campos
EPI_ISL_14908684	2022-03-26	2022-09-10	South America / Brazil / Sao Paulo / Taubate
EPI_ISL_14908685	2022-03-06	2022-09-10	South America / Brazil / Sao Paulo / Piracicaba
EPI_ISL_14908686	2022-03-25	2022-09-10	South America / Brazil / Sao Paulo / Dracena
EPI_ISL_14908687	2022-03-28	2022-09-10	South America / Brazil / Sao Paulo / Diadema
EPI_ISL_14908688	2022-04-13	2022-09-10	South America / Brazil / Sao Paulo / Dracena
EPI_ISL_14908689	2022-03-24	2022-09-10	South America / Brazil / Sao Paulo / Santa Rosa de Viterbo
EPI_ISL_14908690	2022-03-15	2022-09-10	South America / Brazil / Sao Paulo / Sao Jose dos Campos
EPI_ISL_14908691	2022-04-11	2022-09-10	South America / Brazil / Sao Paulo / Tremembe
EPI_ISL_14908692	2022-04-05	2022-09-10	South America / Brazil / Sao Paulo / Sao Sebastiao
EPI_ISL_14908693	2022-04-14	2022-09-10	South America / Brazil / Sao Paulo / Monte Castelo
EPI_ISL_14908694	2022-04-25	2022-09-10	South America / Brazil / Sao Paulo / Carapicuiba
EPI_ISL_14908695	2022-03-18	2022-09-10	South America / Brazil / Sao Paulo / Piracicaba
EPI_ISL_14908696	2022-04-02	2022-09-10	South America / Brazil / Sao Paulo / Guapiacu
EPI_ISL_14908697	2021-04-26	2022-09-10	South America / Brazil / Sao Paulo / Alambari
EPI_ISL_14908698	2020	2022-09-10	South America / Brazil / Sao Paulo / Paulinia
EPI_ISL_14908699	2021-06-01	2022-09-10	South America / Brazil / Sao Paulo / Aracatuba
EPI_ISL_14908700	2021-06-01	2022-09-10	South America / Brazil / Sao Paulo / Itirapina
EPI_ISL_14908701	2021-05-25	2022-09-10	South America / Brazil / Sao Paulo / Capao Bonito
EPI_ISL_14908702	2021-05-31	2022-09-10	South America / Brazil / Sao Paulo / Tupa
EPI_ISL_14908703	2021-05-26	2022-09-10	South America / Brazil / Sao Paulo / Capao Bonito
EPI_ISL_14908704	2020-01-22	2022-09-10	South America / Brazil / Sao Paulo / Sao Pedro
EPI_ISL_14908705	2020-02-09	2022-09-10	South America / Brazil / Sao Paulo / Sao Paulo
EPI_ISL_14908706	2021-01-20	2022-09-10	South America / Brazil / Sao Paulo / Santos
EPI_ISL_14908707	2021-02-18	2022-09-10	South America / Brazil / Sao Paulo / Sao Vicente
EPI_ISL_14908708	2021-02-21	2022-09-10	South America / Brazil / Sao Paulo / Sao Vicente
EPI_ISL_14908709	2021-03-15	2022-09-10	South America / Brazil / Sao Paulo / Sumare
EPI_ISL_14908710	2021-03-15	2022-09-10	South America / Brazil / Sao Paulo / Miracatu
EPI_ISL_14908711	2021-03-20	2022-09-10	South America / Brazil / Sao Paulo / Louveira
EPI_ISL_14908712	2021-03-26	2022-09-10	South America / Brazil / Sao Paulo / Nazare Paulista
EPI_ISL_14908713	2021-03-16	2022-09-10	South America / Brazil / Sao Paulo / Buritama
EPI_ISL_14908714	2021-03-24	2022-09-10	South America / Brazil / Sao Paulo / Tiete
EPI_ISL_14908715	2021-03-23	2022-09-10	South America / Brazil / Sao Paulo / Porto Feliz
EPI_ISL_14908716	2021-04-04	2022-09-10	South America / Brazil / Sao Paulo / Buri
EPI_ISL_14908717	2021-03-26	2022-09-10	South America / Brazil / Sao Paulo / Campinas
EPI_ISL_14908718	2021-03-23	2022-09-10	South America / Brazil / Sao Paulo / Porto Feliz
EPI_ISL_14908719	2021-03-15	2022-09-10	South America / Brazil / Sao Paulo / Porto Feliz
EPI_ISL_14908720	2021-04-07	2022-09-10	South America / Brazil / Sao Paulo / Itai
EPI_ISL_14908721	2021-04-16	2022-09-10	South America / Brazil / Sao Paulo / Cordeiropolis
EPI_ISL_14908722	2021-04-13	2022-09-10	South America / Brazil / Sao Paulo / Ilhabela
EPI_ISL_14908723	2021-04-19	2022-09-10	South America / Brazil / Sao Paulo / Sao Caetano Do Sul
EPI_ISL_14908724	2021-04-19	2022-09-10	South America / Brazil / Sao Paulo / Araras
EPI_ISL_14908725	2021-04-27	2022-09-10	South America / Brazil / Sao Paulo / Mairipora
EPI_ISL_14908726	2021-04-23	2022-09-10	South America / Brazil / Sao Paulo / Cordeiropolis
EPI_ISL_14908727	2021-05-05	2022-09-10	South America / Brazil / Sao Paulo / Valparaiso
EPI_ISL_14908728	2021-05-08	2022-09-10	South America / Brazil / Sao Paulo / Taubate
EPI_ISL_14908729	2021-04-27	2022-09-10	South America / Brazil / Sao Paulo / Itanhaem
EPI_ISL_14908730	2021-05-10	2022-09-10	South America / Brazil / Sao Paulo / Ipaussu
EPI_ISL_14908731	2021-04-18	2022-09-10	South America / Brazil / Sao Paulo / Buritama
EPI_ISL_14908732	2021-05-12	2022-09-10	South America / Brazil / Sao Paulo / Chavantes
EPI_ISL_14908733	2021-05-09	2022-09-10	South America / Brazil / Sao Paulo / Sorocaba
EPI_ISL_14908734	2020-01-26	2022-09-10	South America / Brazil / Sao Paulo / Piracicaba
EPI_ISL_14908735	2020-01-20	2022-09-10	South America / Brazil / Sao Paulo / Piracicaba
EPI_ISL_14908736	2020-02-25	2022-09-10	South America / Brazil / Sao Paulo / Presidente Prudente
EPI_ISL_14908737	2020-03-04	2022-09-10	South America / Brazil / Sao Paulo / Limeira
EPI_ISL_14908738	2020-03-02	2022-09-10	South America / Brazil / Sao Paulo / Cubatao
EPI_ISL_14908739	2020-04-04	2022-09-10	South America / Brazil / Sao Paulo / Piracicaba
EPI_ISL_14908740	2021-03-15	2022-09-10	South America / Brazil / Sao Paulo / Miracatu
EPI_ISL_14908741	2021-03-22	2022-09-10	South America / Brazil / Sao Paulo / Sao Jose do Rio Preto
EPI_ISL_14908742	2021-03-29	2022-09-10	South America / Brazil / Sao Paulo / Osasco
EPI_ISL_14908743	2021-04-09	2022-09-10	South America / Brazil / Sao Paulo / Sao Jose do Rio Preto
EPI_ISL_14908744	2021-04-12	2022-09-10	South America / Brazil / Sao Paulo / Praia Grande
EPI_ISL_14908745	2021-04-26	2022-09-10	South America / Brazil / Sao Paulo / Fernandopolis
EPI_ISL_14908746	2021-05-17	2022-09-10	South America / Brazil / Sao Paulo / Diadema
EPI_ISL_14908747	2021-04-16	2022-09-10	South America / Brazil / Sao Paulo / Santo andre
EPI_ISL_14908748	2021-06-05	2022-09-10	South America / Brazil / Sao Paulo / Campinas
EPI_ISL_14908749	2021-06-18	2022-09-10	South America / Brazil / Sao Paulo / Buri
EPI_ISL_14908750	2021-04-27	2022-09-10	South America / Brazil / Sao Paulo / Ribeirao Preto
EPI_ISL_14908751	2021-04-27	2022-09-10	South America / Brazil / Sao Paulo / Ribeirao Preto
EPI_ISL_14908752	2021-03-22	2022-09-10	South America / Brazil / Sao Paulo / Ribeirao Preto
EPI_ISL_14908753	2021-03-16	2022-09-10	South America / Brazil / Sao Paulo / Ribeirao Preto
EPI_ISL_14908754	2021-04-06	2022-09-10	South America / Brazil / Sao Paulo / Ribeirao Preto
EPI_ISL_14908755	2021-04-04	2022-09-10	South America / Brazil / Sao Paulo / Ribeirao Preto
EPI_ISL_14908756	2021-03-25	2022-09-10	South America / Brazil / Sao Paulo / Ribeirao Preto
EPI_ISL_14908757	2021-04-20	2022-09-10	South America / Brazil / Sao Paulo / Ribeirao Preto
EPI_ISL_14908758	2021-04-07	2022-09-10	South America / Brazil / Sao Paulo / Ribeirao Preto
EPI_ISL_14908759	2021-04-13	2022-09-10	South America / Brazil / Sao Paulo / Ribeirao Preto
EPI_ISL_14908760	2021-04-07	2022-09-10	South America / Brazil / Sao Paulo / Ribeirao Preto
EPI_ISL_14908761	2021-04-20	2022-09-10	South America / Brazil / Sao Paulo / Ribeirao Preto
EPI_ISL_14908762	2021-04-05	2022-09-10	South America / Brazil / Sao Paulo / Ribeirao Preto
EPI_ISL_14908763	2021-04-20	2022-09-10	South America / Brazil / Sao Paulo / Ribeirao Preto
EPI_ISL_14908765	2022-01-13	2022-09-10	South America / Brazil / Sao Paulo / Buritama
EPI_ISL_14908766	2022-01-28	2022-09-10	South America / Brazil / Sao Paulo / Aracatuba
EPI_ISL_14908767	2022-01-31	2022-09-10	South America / Brazil / Sao Paulo / Alto Alegre
EPI_ISL_14908768	2022-02-09	2022-09-10	South America / Brazil / Sao Paulo / Galia
EPI_ISL_14908769	2022-02-09	2022-09-10	South America / Brazil / Sao Paulo / Sao Jose dos Campos
EPI_ISL_14908770	2022-02-16	2022-09-10	South America / Brazil / Sao Paulo / Birigui
EPI_ISL_14908771	2022-02-21	2022-09-10	South America / Brazil / Sao Paulo / Porto Feliz
EPI_ISL_14908772	2022-02-21	2022-09-10	South America / Brazil / Sao Paulo / Sao Jose dos Campos
EPI_ISL_14908773	2022-03-02	2022-09-10	South America / Brazil / Sao Paulo / Rio Claro
EPI_ISL_14908774	2022-02-22	2022-09-10	South America / Brazil / Sao Paulo / Bauru
EPI_ISL_14908775	2022-02-24	2022-09-10	South America / Brazil / Sao Paulo / Campinas
EPI_ISL_14908776	2022-02-24	2022-09-10	South America / Brazil / Sao Paulo / Bauru
EPI_ISL_14908777	2022-02-21	2022-09-10	South America / Brazil / Sao Paulo / Bauru
EPI_ISL_14908778	2022-03-07	2022-09-10	South America / Brazil / Sao Paulo / Garca
EPI_ISL_14908779	2022-03-07	2022-09-10	South America / Brazil / Sao Paulo / Itapetininga
EPI_ISL_14908780	2022-03-08	2022-09-10	South America / Brazil / Sao Paulo / Marilia
EPI_ISL_14908781	2022-03-14	2022-09-10	South America / Brazil / Sao Paulo / Taubate
EPI_ISL_14908782	2022-03-11	2022-09-10	South America / Brazil / Sao Paulo / Sao Jose dos Campos
EPI_ISL_14908783	2022-02-23	2022-09-10	South America / Brazil / Sao Paulo / Tiete
EPI_ISL_14908784	2022-03-11	2022-09-10	South America / Brazil / Sao Paulo / Aracatuba
EPI_ISL_14908785	2022-03-04	2022-09-10	South America / Brazil / Sao Paulo / Ilha Solteira
EPI_ISL_14908786	2022-02-17	2022-09-10	South America / Brazil / Sao Paulo / Andradina
EPI_ISL_14908787	2022-02-25	2022-09-10	South America / Brazil / Sao Paulo / Aracatuba
EPI_ISL_14908788	2022-03-16	2022-09-10	South America / Brazil / Sao Paulo / Campinas
EPI_ISL_14908789	2022-03-11	2022-09-10	South America / Brazil / Sao Paulo / Paulinia
EPI_ISL_14908790	2022-02-14	2022-09-10	South America / Brazil / Sao Paulo / Guarulhos
EPI_ISL_14908791	2022-02-18	2022-09-10	South America / Brazil / Sao Paulo / Votuporanga
EPI_ISL_14908792	2022-02-15	2022-09-10	South America / Brazil / Sao Paulo / Sao Jose do Rio Preto
EPI_ISL_14908793	2022-02-25	2022-09-10	South America / Brazil / Sao Paulo / Araras
EPI_ISL_14908794	2022-02-25	2022-09-10	South America / Brazil / Sao Paulo / Limeira
EPI_ISL_14908795	2022-03-11	2022-09-10	South America / Brazil / Sao Paulo / Zacarias
EPI_ISL_14908796	2022-03-08	2022-09-10	South America / Brazil / Sao Paulo / Urania
EPI_ISL_14908797	2022-03-07	2022-09-10	South America / Brazil / Sao Paulo / Americana
EPI_ISL_14908798	2022-03-15	2022-09-10	South America / Brazil / Sao Paulo / Coroados
EPI_ISL_14908799	2022-03-26	2022-09-10	South America / Brazil / Sao Paulo / Aracatuba
EPI_ISL_14908800	2022-03-22	2022-09-10	South America / Brazil / Sao Paulo / Garca
EPI_ISL_14908801	2022-04-03	2022-09-10	South America / Brazil / Sao Paulo / Paulinia
EPI_ISL_14908802	2022-04-05	2022-09-10	South America / Brazil / Sao Paulo / Mogi Mirim
EPI_ISL_14908803	2022-03-28	2022-09-10	South America / Brazil / Sao Paulo / Ourinhos
EPI_ISL_14908804	2022-04-06	2022-09-10	South America / Brazil / Sao Paulo / Monte Alto
EPI_ISL_14908805	2022-04-08	2022-09-10	South America / Brazil / Sao Paulo / Campinas
EPI_ISL_14908806	2022-04-12	2022-09-10	South America / Brazil / Sao Paulo / Murutinga do Sul
EPI_ISL_14908807	2022-03-11	2022-09-10	South America / Brazil / Sao Paulo / Ourinhos
EPI_ISL_14908808	2022-03-16	2022-09-10	South America / Brazil / Sao Paulo / Taubate
EPI_ISL_14908809	2022-03-14	2022-09-10	South America / Brazil / Sao Paulo / Taubate
EPI_ISL_14908810	2022-03-17	2022-09-10	South America / Brazil / Sao Paulo / Tremembe
EPI_ISL_14908811	2022-03-25	2022-09-10	South America / Brazil / Sao Paulo / Sao Jose dos Campos
EPI_ISL_14908812	2022-03-18	2022-09-10	South America / Brazil / Sao Paulo / Bauru
EPI_ISL_14908813	2022-03-19	2022-09-10	South America / Brazil / Sao Paulo / Guarulhos
EPI_ISL_14908814	2022-03-27	2022-09-10	South America / Brazil / Sao Paulo / Taubate
EPI_ISL_14908815	2022-03-25	2022-09-10	South America / Brazil / Sao Paulo / Sao Jose dos Campos
EPI_ISL_14908816	2022-03-30	2022-09-10	South America / Brazil / Sao Paulo / Duartina
EPI_ISL_14908817	2022-03-26	2022-09-10	South America / Brazil / Sao Paulo / Bauru
EPI_ISL_14908818	2022-04-03	2022-09-10	South America / Brazil / Sao Paulo / Itu
EPI_ISL_14908819	2022-04-04	2022-09-10	South America / Brazil / Sao Paulo / Taubate
EPI_ISL_14908820	2022-03-30	2022-09-10	South America / Brazil / Sao Paulo / Gabriel Monteiro
EPI_ISL_14908821	2022-04-01	2022-09-10	South America / Brazil / Sao Paulo / Duartina
EPI_ISL_14908822	2022-04-10	2022-09-10	South America / Brazil / Sao Paulo / Nova Odessa
EPI_ISL_14908823	2022-04-12	2022-09-10	South America / Brazil / Sao Paulo / Itu
EPI_ISL_14908824	2022-04-07	2022-09-10	South America / Brazil / Sao Paulo / Taubate
EPI_ISL_14908825	2022-04-05	2022-09-10	South America / Brazil / Sao Paulo / Taubate
EPI_ISL_14908826	2022-04-04	2022-09-10	South America / Brazil / Sao Paulo / Taubate
EPI_ISL_14908827	2022-04-11	2022-09-10	South America / Brazil / Sao Paulo / Taubate
EPI_ISL_14908828	2022-04-01	2022-09-10	South America / Brazil / Sao Paulo / Sao Jose dos Campos
EPI_ISL_14908829	2022-04-04	2022-09-10	South America / Brazil / Sao Paulo / Taubate
EPI_ISL_14908830	2022-04-02	2022-09-10	South America / Brazil / Sao Paulo / Sao Jose dos Campos
EPI_ISL_14908831	2022-04-04	2022-09-10	South America / Brazil / Sao Paulo / Nova Odessa
EPI_ISL_14908832	2022-04-09	2022-09-10	South America / Brazil / Sao Paulo / Taubate
EPI_ISL_14908833	2022-04-19	2022-09-10	South America / Brazil / Sao Paulo / Rosana
EPI_ISL_14908834	2022-04-19	2022-09-10	South America / Brazil / Sao Paulo / Rosana
EPI_ISL_14908835	2022-04-01	2022-09-10	South America / Brazil / Sao Paulo / Ilhabela
EPI_ISL_14908836	2022-04-06	2022-09-10	South America / Brazil / Sao Paulo / Taubate
EPI_ISL_14908837	2022-04-02	2022-09-10	South America / Brazil / Sao Paulo / Sao Jose dos Campos
EPI_ISL_14908838	2022-04-11	2022-09-10	South America / Brazil / Sao Paulo / Taubate
EPI_ISL_14908839	2022-04-11	2022-09-10	South America / Brazil / Sao Paulo / Taubate
EPI_ISL_14908840	2022-04-12	2022-09-10	South America / Brazil / Sao Paulo / Taruma
EPI_ISL_14908841	2022-04-24	2022-09-10	South America / Brazil / Sao Paulo / Sao Paulo
EPI_ISL_14908842	2022-04-18	2022-09-10	South America / Brazil / Sao Paulo / Ferraz de Vasconcelos
EPI_ISL_14908843	2022-04-14	2022-09-10	South America / Brazil / Sao Paulo / Francisco Morato
EPI_ISL_14908844	2022-03-17	2022-09-10	South America / Brazil / Sao Paulo / Zacarias
EPI_ISL_14908845	2022-03-25	2022-09-10	South America / Brazil / Sao Paulo / Catanduva
EPI_ISL_14908846	2022-03-29	2022-09-10	South America / Brazil / Sao Paulo / Itu
EPI_ISL_14908847	2022-03-28	2022-09-10	South America / Brazil / Sao Paulo / Santa Barbara D''oeste
EPI_ISL_14908848	2022-04-01	2022-09-10	South America / Brazil / Sao Paulo / Guarulhos
EPI_ISL_14908849	2022-03-27	2022-09-10	South America / Brazil / Sao Paulo / Campinas
EPI_ISL_14908850	2022-03-26	2022-09-10	South America / Brazil / Sao Paulo / Sao Jose do Rio Preto
EPI_ISL_14908851	2022-04-04	2022-09-10	South America / Brazil / Sao Paulo / Itapeva
EPI_ISL_14908852	2022-04-04	2022-09-10	South America / Brazil / Sao Paulo / Nova Granada
EPI_ISL_14908853	2022-04-05	2022-09-10	South America / Brazil / Sao Paulo / Imbituba
EPI_ISL_14908854	2022-03-29	2022-09-10	South America / Brazil / Sao Paulo / Balsamo
EPI_ISL_14908855	2022-03-26	2022-09-10	South America / Brazil / Sao Paulo / Itanhaem
EPI_ISL_14908856	2022-04-04	2022-09-10	South America / Brazil / Sao Paulo / Itapeva
EPI_ISL_14908857	2022-04-04	2022-09-10	South America / Brazil / Sao Paulo / Itu
EPI_ISL_14908858	2022-03-30	2022-09-10	South America / Brazil / Sao Paulo / Garca
EPI_ISL_14908859	2022-03-31	2022-09-10	South America / Brazil / Sao Paulo / Americana
EPI_ISL_14908860	2022-04-11	2022-09-10	South America / Brazil / Sao Paulo / Americana
EPI_ISL_14908861	2022-04-09	2022-09-10	South America / Brazil / Sao Paulo / Ubarana
EPI_ISL_14908862	2022-04-13	2022-09-10	South America / Brazil / Sao Paulo / Campinas
EPI_ISL_14908863	2022-04-09	2022-09-10	South America / Brazil / Sao Paulo / Americana
EPI_ISL_14908864	2022-04-13	2022-09-10	South America / Brazil / Sao Paulo / Osasco
EPI_ISL_14908865	2022-04-08	2022-09-10	South America / Brazil / Sao Paulo / Itaquaquecetuba
EPI_ISL_14908866	2022-04-11	2022-09-10	South America / Brazil / Sao Paulo / Carapicuiba
EPI_ISL_14908867	2022-04-11	2022-09-10	South America / Brazil / Sao Paulo / Garca
EPI_ISL_14908868	2022-04-12	2022-09-10	South America / Brazil / Sao Paulo / Itajobi
EPI_ISL_14908869	2022-04-18	2022-09-10	South America / Brazil / Sao Paulo / Santa Barbara D''oeste
EPI_ISL_14908870	2022-04-21	2022-09-10	South America / Brazil / Sao Paulo / Mairipora
EPI_ISL_14908871	2022-04-13	2022-09-10	South America / Brazil / Sao Paulo / Mairipora
EPI_ISL_14908872	2022-04-19	2022-09-10	South America / Brazil / Sao Paulo / Itaquaquecetuba
EPI_ISL_14908873	2022-04-18	2022-09-10	South America / Brazil / Sao Paulo / Bady Bassitt
EPI_ISL_14908874	2022-04-19	2022-09-10	South America / Brazil / Sao Paulo / Santa Barbara D''oeste
EPI_ISL_14908875	2022-03-17	2022-09-10	South America / Brazil / Sao Paulo / Araraquara
EPI_ISL_14908876	2022-03-17	2022-09-10	South America / Brazil / Sao Paulo / Olimpia
EPI_ISL_14908877	2022-03-10	2022-09-10	South America / Brazil / Sao Paulo / Descalvado
EPI_ISL_14908878	2022-04-12	2022-09-10	South America / Brazil / Sao Paulo / Matao
EPI_ISL_14908879	2022-04-12	2022-09-10	South America / Brazil / Sao Paulo / Murutinga do Sul
EPI_ISL_14908880	2022-03-15	2022-09-10	South America / Brazil / Sao Paulo / Louveira
EPI_ISL_14908881	2022-03-19	2022-09-10	South America / Brazil / Sao Paulo / Sao Jose dos Campos
EPI_ISL_14908882	2022-03-19	2022-09-10	South America / Brazil / Sao Paulo / Taubate
EPI_ISL_14908883	2022-03-16	2022-09-10	South America / Brazil / Sao Paulo / Taubate
EPI_ISL_14908884	2022-03-27	2022-09-10	South America / Brazil / Sao Paulo / Taubate
EPI_ISL_14908885	2022-03-25	2022-09-10	South America / Brazil / Sao Paulo / Sao Jose dos Campos
EPI_ISL_14908886	2022-04-04	2022-09-10	South America / Brazil / Sao Paulo / Taubate
EPI_ISL_14908887	2022-03-31	2022-09-10	South America / Brazil / Sao Paulo / Corumbatai
EPI_ISL_14908888	2022-03-03	2022-09-10	South America / Brazil / Sao Paulo / Conchal
EPI_ISL_14908889	2022-03-17	2022-09-10	South America / Brazil / Sao Paulo / Capivari
EPI_ISL_14908890	2022-03-20	2022-09-10	South America / Brazil / Sao Paulo / Ilhabela
EPI_ISL_14908891	2022-04-04	2022-09-10	South America / Brazil / Sao Paulo / Taubate
EPI_ISL_14908892	2022-03-30	2022-09-10	South America / Brazil / Sao Paulo / Espirito Santo do Turvo
EPI_ISL_14908893	2022-04-05	2022-09-10	South America / Brazil / Sao Paulo / Rosana
EPI_ISL_14908894	2022-04-01	2022-09-10	South America / Brazil / Sao Paulo / Duartina
EPI_ISL_14908895	2022-04-12	2022-09-10	South America / Brazil / Sao Paulo / Itu
EPI_ISL_14908896	2022-04-12	2022-09-10	South America / Brazil / Sao Paulo / Itu
EPI_ISL_14908897	2022-04-06	2022-09-10	South America / Brazil / Sao Paulo / Taubate
EPI_ISL_14908898	2022-04-03	2022-09-10	South America / Brazil / Sao Paulo / Sao Jose dos Campos
EPI_ISL_14908899	2022-04-03	2022-09-10	South America / Brazil / Sao Paulo / Sao Jose dos Campos
EPI_ISL_14908900	2022-04-16	2022-09-10	South America / Brazil / Sao Paulo / Buri
EPI_ISL_14908901	2022-04-13	2022-09-10	South America / Brazil / Sao Paulo / Itu
EPI_ISL_14908902	2022-04-13	2022-09-10	South America / Brazil / Sao Paulo / Quintana
EPI_ISL_14908903	2022-04-18	2022-09-10	South America / Brazil / Sao Paulo / Ferraz de Vasconcelos
EPI_ISL_17440107	2009	2012-01-31	South America / Brazil / Sao Paulo / Ribeirao Preto
EPI_ISL_17440120	1999	2010-04-01	South America / Brazil / Sao Paulo
EPI_ISL_17449771	2009	2009-06-26	South America / Brazil / Sao Paulo / Ribeirao Preto
EPI_ISL_17449773	2010	2011-11-04	South America / Brazil / Sao Paulo / Ribeirao Preto
EPI_ISL_17449774	2010	2011-11-04	South America / Brazil / Sao Paulo / Ribeirao Preto
EPI_ISL_17451384	2006	2008-05-12	South America / Brazil / Sao Paulo / Sao Jose do Rio Preto
EPI_ISL_17451385	2006	2008-05-12	South America / Brazil / Sao Paulo / Sao Jose do Rio Preto
EPI_ISL_17451386	2006	2008-05-12	South America / Brazil / Sao Paulo / Sao Jose do Rio Preto
EPI_ISL_17451387	2006	2008-05-12	South America / Brazil / Sao Paulo / Sao Jose do Rio Preto
EPI_ISL_17451388	2006	2008-05-12	South America / Brazil / Sao Paulo / Sao Jose do Rio Preto
EPI_ISL_17451389	2006	2008-05-12	South America / Brazil / Sao Paulo / Sao Jose do Rio Preto
EPI_ISL_17451390	2006	2008-05-12	South America / Brazil / Sao Paulo / Sao Jose do Rio Preto
EPI_ISL_17451391	2006	2008-05-12	South America / Brazil / Sao Paulo / Sao Jose do Rio Preto
EPI_ISL_17451392	2006	2008-05-12	South America / Brazil / Sao Paulo / Sao Jose do Rio Preto
EPI_ISL_17451393	2006	2008-05-12	South America / Brazil / Sao Paulo / Sao Jose do Rio Preto
EPI_ISL_17451394	2006	2008-05-12	South America / Brazil / Sao Paulo / Sao Jose do Rio Preto
EPI_ISL_17451395	2006	2008-05-12	South America / Brazil / Sao Paulo / Sao Jose do Rio Preto
EPI_ISL_17451396	2006	2008-05-12	South America / Brazil / Sao Paulo / Sao Jose do Rio Preto
EPI_ISL_17451397	2006	2008-05-12	South America / Brazil / Sao Paulo / Sao Jose do Rio Preto
EPI_ISL_17451398	2006	2008-05-12	South America / Brazil / Sao Paulo / Sao Jose do Rio Preto
EPI_ISL_17451399	2006	2008-05-12	South America / Brazil / Sao Paulo / Sao Jose do Rio Preto
EPI_ISL_17451400	2006	2008-05-12	South America / Brazil / Sao Paulo / Sao Jose do Rio Preto
EPI_ISL_17451401	2006	2008-05-12	South America / Brazil / Sao Paulo / Sao Jose do Rio Preto
EPI_ISL_17451402	2006	2008-05-12	South America / Brazil / Sao Paulo / Sao Jose do Rio Preto
EPI_ISL_17451403	2006	2008-05-12	South America / Brazil / Sao Paulo / Sao Jose do Rio Preto
EPI_ISL_17451404	2006	2008-05-12	South America / Brazil / Sao Paulo / Sao Jose do Rio Preto
EPI_ISL_17451405	2006	2008-05-12	South America / Brazil / Sao Paulo / Sao Jose do Rio Preto
EPI_ISL_17451406	2006	2008-05-12	South America / Brazil / Sao Paulo / Sao Jose do Rio Preto
EPI_ISL_17451407	2006	2008-05-12	South America / Brazil / Sao Paulo / Sao Jose do Rio Preto
EPI_ISL_17451408	2006	2008-05-12	South America / Brazil / Sao Paulo / Sao Jose do Rio Preto
EPI_ISL_17451409	2006	2008-05-12	South America / Brazil / Sao Paulo / Sao Jose do Rio Preto
EPI_ISL_17451410	2006	2008-05-12	South America / Brazil / Sao Paulo / Sao Jose do Rio Preto
EPI_ISL_17451411	2006	2008-05-12	South America / Brazil / Sao Paulo / Sao Jose do Rio Preto
EPI_ISL_17451412	2006	2008-05-12	South America / Brazil / Sao Paulo / Sao Jose do Rio Preto
EPI_ISL_17451413	2006	2008-05-12	South America / Brazil / Sao Paulo / Sao Jose do Rio Preto
EPI_ISL_17451414	2006	2008-05-12	South America / Brazil / Sao Paulo / Sao Jose do Rio Preto
EPI_ISL_17451415	2006	2008-05-12	South America / Brazil / Sao Paulo / Sao Jose do Rio Preto
EPI_ISL_17451416	unknown	2007-01-11	South America / Brazil / Sao Paulo / Sao Jose do Rio Preto
EPI_ISL_17451417	2006	2008-05-12	South America / Brazil / Sao Paulo / Sao Jose do Rio Preto
EPI_ISL_17451418	2006	2008-05-12	South America / Brazil / Sao Paulo / Sao Jose do Rio Preto
EPI_ISL_17451419	2006	2008-05-12	South America / Brazil / Sao Paulo / Sao Jose do Rio Preto
EPI_ISL_17451420	2006	2008-05-12	South America / Brazil / Sao Paulo / Sao Jose do Rio Preto
EPI_ISL_17451421	2006	2008-05-12	South America / Brazil / Sao Paulo / Sao Jose do Rio Preto
EPI_ISL_17451422	2006	2008-05-12	South America / Brazil / Sao Paulo / Sao Jose do Rio Preto
EPI_ISL_17451423	2006	2008-05-12	South America / Brazil / Sao Paulo / Sao Jose do Rio Preto
EPI_ISL_17451424	2006	2008-05-12	South America / Brazil / Sao Paulo / Sao Jose do Rio Preto
EPI_ISL_17451425	2006	2008-05-12	South America / Brazil / Sao Paulo / Sao Jose do Rio Preto
EPI_ISL_17451426	2006	2008-05-12	South America / Brazil / Sao Paulo / Sao Jose do Rio Preto
EPI_ISL_17451427	2006	2008-05-12	South America / Brazil / Sao Paulo / Sao Jose do Rio Preto
EPI_ISL_17451428	2006	2008-05-12	South America / Brazil / Sao Paulo / Sao Jose do Rio Preto
EPI_ISL_17451429	2006	2008-05-12	South America / Brazil / Sao Paulo / Sao Jose do Rio Preto
EPI_ISL_17451430	2006	2008-05-12	South America / Brazil / Sao Paulo / Sao Jose do Rio Preto
EPI_ISL_17451431	2006	2008-05-12	South America / Brazil / Sao Paulo / Sao Jose do Rio Preto
EPI_ISL_17451432	2006	2008-05-12	South America / Brazil / Sao Paulo / Sao Jose do Rio Preto
EPI_ISL_17451433	2006	2008-05-12	South America / Brazil / Sao Paulo / Sao Jose do Rio Preto
EPI_ISL_17451434	2006	2008-05-12	South America / Brazil / Sao Paulo / Sao Jose do Rio Preto
EPI_ISL_17451435	2006	2008-05-12	South America / Brazil / Sao Paulo / Sao Jose do Rio Preto
EPI_ISL_17451436	2006	2008-05-12	South America / Brazil / Sao Paulo / Sao Jose do Rio Preto
EPI_ISL_17451437	2006	2008-05-12	South America / Brazil / Sao Paulo / Sao Jose do Rio Preto
EPI_ISL_17451438	2006	2008-05-12	South America / Brazil / Sao Paulo / Sao Jose do Rio Preto
EPI_ISL_17451439	2006	2008-05-12	South America / Brazil / Sao Paulo / Sao Jose do Rio Preto
EPI_ISL_17451440	2006	2008-05-12	South America / Brazil / Sao Paulo / Sao Jose do Rio Preto
EPI_ISL_17451441	2006	2008-05-12	South America / Brazil / Sao Paulo / Sao Jose do Rio Preto
EPI_ISL_17451442	2006	2008-05-12	South America / Brazil / Sao Paulo / Sao Jose do Rio Preto
EPI_ISL_17451445	2006	2008-05-12	South America / Brazil / Sao Paulo / Sao Jose do Rio Preto
EPI_ISL_17451446	2006	2008-05-12	South America / Brazil / Sao Paulo / Sao Jose do Rio Preto
EPI_ISL_17451447	2006	2008-05-12	South America / Brazil / Sao Paulo / Sao Jose do Rio Preto
EPI_ISL_17451448	2006	2008-05-12	South America / Brazil / Sao Paulo / Sao Jose do Rio Preto
EPI_ISL_17451449	2006	2008-05-12	South America / Brazil / Sao Paulo / Sao Jose do Rio Preto
EPI_ISL_17451450	2006	2008-05-12	South America / Brazil / Sao Paulo / Sao Jose do Rio Preto
EPI_ISL_17451451	2006	2008-05-12	South America / Brazil / Sao Paulo / Sao Jose do Rio Preto
EPI_ISL_17451452	2006	2008-05-12	South America / Brazil / Sao Paulo / Sao Jose do Rio Preto
EPI_ISL_17451453	2006	2008-05-12	South America / Brazil / Sao Paulo / Sao Jose do Rio Preto
EPI_ISL_17451454	2006	2008-05-12	South America / Brazil / Sao Paulo / Sao Jose do Rio Preto
EPI_ISL_17451455	2006	2008-05-12	South America / Brazil / Sao Paulo / Sao Jose do Rio Preto
EPI_ISL_17451456	2006	2008-05-12	South America / Brazil / Sao Paulo / Sao Jose do Rio Preto
EPI_ISL_17451457	2006	2008-05-12	South America / Brazil / Sao Paulo / Sao Jose do Rio Preto
EPI_ISL_17451458	2006	2008-05-12	South America / Brazil / Sao Paulo / Sao Jose do Rio Preto
EPI_ISL_17451459	2006	2008-05-12	South America / Brazil / Sao Paulo / Sao Jose do Rio Preto
EPI_ISL_17451460	2006	2008-05-12	South America / Brazil / Sao Paulo / Sao Jose do Rio Preto
EPI_ISL_17451461	2006	2008-05-12	South America / Brazil / Sao Paulo / Sao Jose do Rio Preto
EPI_ISL_17451462	2006	2008-05-12	South America / Brazil / Sao Paulo / Sao Jose do Rio Preto
EPI_ISL_17451463	2006	2008-05-12	South America / Brazil / Sao Paulo / Sao Jose do Rio Preto
EPI_ISL_17451464	2006	2008-05-12	South America / Brazil / Sao Paulo / Sao Jose do Rio Preto
EPI_ISL_17451465	2006	2008-05-12	South America / Brazil / Sao Paulo / Sao Jose do Rio Preto
EPI_ISL_17451466	2006	2008-05-12	South America / Brazil / Sao Paulo / Sao Jose do Rio Preto
EPI_ISL_17451467	2006	2008-05-12	South America / Brazil / Sao Paulo / Sao Jose do Rio Preto
EPI_ISL_17451468	2006	2008-05-12	South America / Brazil / Sao Paulo / Sao Jose do Rio Preto
EPI_ISL_17569459	unknown	2016-02-19	South America / Brazil / Sao Paulo
EPI_ISL_17569460	unknown	2016-02-19	South America / Brazil / Sao Paulo
EPI_ISL_17569461	unknown	2016-02-19	South America / Brazil / Sao Paulo
EPI_ISL_17569462	unknown	2016-02-19	South America / Brazil / Sao Paulo
EPI_ISL_17569463	unknown	2016-02-19	South America / Brazil / Sao Paulo
EPI_ISL_17569464	unknown	2016-02-19	South America / Brazil / Sao Paulo
EPI_ISL_17673145	2023-02-10	2023-04-10	South America / Brazil / Sao Paulo / Taquaritinga
EPI_ISL_17673146	2023-02-11	2023-04-10	South America / Brazil / Sao Paulo / Taquaritinga
EPI_ISL_17673147	2023-02-13	2023-04-10	South America / Brazil / Sao Paulo / Taquaritinga
EPI_ISL_17673148	2023-02-13	2023-04-10	South America / Brazil / Sao Paulo / Taquaritinga
EPI_ISL_17673149	2023-01-18	2023-04-10	South America / Brazil / Sao Paulo / Sao Caetano do Sul
EPI_ISL_17673150	2023-01-22	2023-04-10	South America / Brazil / Sao Paulo / Guarulhos
EPI_ISL_17673369	2001	2002-06-07	South America / Brazil / Sao Paulo / Barretos
EPI_ISL_17673370	2001	2002-06-07	South America / Brazil / Sao Paulo / Barretos
EPI_ISL_17673371	1990	2003-05-27	South America / Brazil / Sao Paulo / Aracatuba
EPI_ISL_17673372	1990	2003-05-27	South America / Brazil / Sao Paulo / Aracatuba
EPI_ISL_17673373	1990	2003-05-27	South America / Brazil / Sao Paulo / Aracatuba
EPI_ISL_17673374	1990	2003-05-27	South America / Brazil / Sao Paulo / Aracatuba
EPI_ISL_17673375	1990	2003-05-27	South America / Brazil / Sao Paulo / Aracatuba
EPI_ISL_17673376	1990	2003-05-27	South America / Brazil / Sao Paulo / Aracatuba
EPI_ISL_17673377	1990	2003-05-27	South America / Brazil / Sao Paulo / Aracatuba
EPI_ISL_17673378	1990	2003-05-27	South America / Brazil / Sao Paulo / Aracatuba
EPI_ISL_17673379	1990	2003-05-27	South America / Brazil / Sao Paulo / Aracatuba
EPI_ISL_17673380	1990	2003-05-27	South America / Brazil / Sao Paulo / Aracatuba
EPI_ISL_17673381	1990	2003-05-27	South America / Brazil / Sao Paulo / Sao Jose do Rio Preto
EPI_ISL_17673382	1990	2003-05-27	South America / Brazil / Sao Paulo / Sao Jose do Rio Preto
EPI_ISL_17673383	1990	2003-05-27	South America / Brazil / Sao Paulo / Sao Jose do Rio Preto
EPI_ISL_17673384	1990	2003-05-27	South America / Brazil / Sao Paulo / Sao Jose do Rio Preto
EPI_ISL_17673385	1990	2003-05-27	South America / Brazil / Sao Paulo / Sao Jose do Rio Preto
EPI_ISL_17673386	1990	2003-05-27	South America / Brazil / Sao Paulo / Sao Jose do Rio Preto
EPI_ISL_17673387	1990	2003-05-27	South America / Brazil / Sao Paulo / Sao Jose do Rio Preto
EPI_ISL_17673388	1990	2003-05-27	South America / Brazil / Sao Paulo / Sao Jose do Rio Preto
EPI_ISL_17673389	1990	2003-05-27	South America / Brazil / Sao Paulo / Sao Jose do Rio Preto
EPI_ISL_17673390	1990	2003-05-27	South America / Brazil / Sao Paulo / Sao Jose do Rio Preto
EPI_ISL_17673391	1990	2003-05-27	South America / Brazil / Sao Paulo / Sao Jose do Rio Preto
EPI_ISL_17673392	1990	2003-05-27	South America / Brazil / Sao Paulo / Sao Jose do Rio Preto
EPI_ISL_17673393	1990	2003-05-27	South America / Brazil / Sao Paulo / Sao Jose do Rio Preto
EPI_ISL_17673394	1990	2003-05-27	South America / Brazil / Sao Paulo / Sao Jose do Rio Preto
EPI_ISL_17673395	1990	2003-05-27	South America / Brazil / Sao Paulo / Sao Jose do Rio Preto
EPI_ISL_17673396	1990	2003-05-27	South America / Brazil / Sao Paulo / Ribeirao Preto
EPI_ISL_17673397	1990	2003-05-27	South America / Brazil / Sao Paulo / Ribeirao Preto
EPI_ISL_17673398	1990	2003-05-27	South America / Brazil / Sao Paulo / Ribeirao Preto
EPI_ISL_17673399	1990	2003-05-27	South America / Brazil / Sao Paulo / Ribeirao Preto
EPI_ISL_17673403	1990	2003-05-27	South America / Brazil / Sao Paulo / Ribeirao Preto
EPI_ISL_17673404	1990	2003-05-27	South America / Brazil / Sao Paulo / Ribeirao Preto
EPI_ISL_17673405	1990	2003-05-27	South America / Brazil / Sao Paulo / Ribeirao Preto
EPI_ISL_17673406	1990	2003-05-27	South America / Brazil / Sao Paulo / Ribeirao Preto
EPI_ISL_17673407	1990	2003-05-27	South America / Brazil / Sao Paulo / Ribeirao Preto
EPI_ISL_17673408	1990	2003-05-27	South America / Brazil / Sao Paulo / Ribeirao Preto
EPI_ISL_17673409	1990	2003-05-27	South America / Brazil / Sao Paulo / Ribeirao Preto
EPI_ISL_17673410	1990	2003-05-27	South America / Brazil / Sao Paulo / Ribeirao Preto
EPI_ISL_17673411	1990	2003-05-27	South America / Brazil / Sao Paulo / Ribeirao Preto
EPI_ISL_17673412	1990	2003-05-27	South America / Brazil / Sao Paulo / Ribeirao Preto
EPI_ISL_17673413	1990	2003-05-27	South America / Brazil / Sao Paulo / Ribeirao Preto
EPI_ISL_17673414	1990	2003-05-27	South America / Brazil / Sao Paulo / Ribeirao Preto
EPI_ISL_17673415	1990	2003-05-27	South America / Brazil / Sao Paulo / Ribeirao Preto
EPI_ISL_17673416	1990	2003-05-27	South America / Brazil / Sao Paulo / Santos
EPI_ISL_17673417	1990	2003-05-27	South America / Brazil / Sao Paulo / Santos
EPI_ISL_17673418	1990	2003-05-27	South America / Brazil / Sao Paulo / Santos
EPI_ISL_17673419	1990	2003-05-27	South America / Brazil / Sao Paulo / Santos
EPI_ISL_17673420	1990	2003-05-27	South America / Brazil / Sao Paulo / Santos
EPI_ISL_17673421	1990	2003-05-27	South America / Brazil / Sao Paulo / Santos
EPI_ISL_17673422	1990	2003-05-27	South America / Brazil / Sao Paulo / Santos
EPI_ISL_17673423	1990	2003-05-27	South America / Brazil / Sao Paulo / Santos
EPI_ISL_17673424	1990	2003-05-27	South America / Brazil / Sao Paulo / Santos
EPI_ISL_17673425	1990	2003-05-27	South America / Brazil / Sao Paulo / Santos
EPI_ISL_17673426	1990	2003-05-27	South America / Brazil / Sao Paulo / Campinas
EPI_ISL_17673427	1990	2003-05-27	South America / Brazil / Sao Paulo / Campinas
EPI_ISL_17673428	1990	2003-05-27	South America / Brazil / Sao Paulo / Campinas
EPI_ISL_17673429	1990	2003-05-27	South America / Brazil / Sao Paulo / Campinas
EPI_ISL_17673430	1990	2003-05-27	South America / Brazil / Sao Paulo / Campinas
EPI_ISL_17673431	1990	2003-05-27	South America / Brazil / Sao Paulo / Barretos
EPI_ISL_17673432	1990	2003-05-27	South America / Brazil / Sao Paulo / Barretos
EPI_ISL_17673433	1990	2003-05-27	South America / Brazil / Sao Paulo / Barretos
EPI_ISL_17673434	1990	2003-05-27	South America / Brazil / Sao Paulo / Barretos
EPI_ISL_17673435	1990	2003-05-27	South America / Brazil / Sao Paulo / Barretos
EPI_ISL_17673436	1990	2003-05-27	South America / Brazil / Sao Paulo / Sao Paulo
EPI_ISL_17673437	1990	2003-05-27	South America / Brazil / Sao Paulo / Sao Paulo
EPI_ISL_17673438	1990	2003-05-27	South America / Brazil / Sao Paulo / Sao Paulo
EPI_ISL_17673439	1990	2003-05-27	South America / Brazil / Sao Paulo / Sao Paulo
EPI_ISL_17673440	1990	2003-05-27	South America / Brazil / Sao Paulo / Sao Paulo
EPI_ISL_17673441	1990	2003-05-27	South America / Brazil / Sao Paulo / Sao Paulo
EPI_ISL_17673442	1990	2003-05-27	South America / Brazil / Sao Paulo / Sao Paulo
EPI_ISL_17673443	1990	2003-05-27	South America / Brazil / Sao Paulo / Sao Paulo
EPI_ISL_17673444	1990	2003-05-27	South America / Brazil / Sao Paulo / Sao Paulo
EPI_ISL_17673445	1990	2003-05-27	South America / Brazil / Sao Paulo / Sao Paulo
EPI_ISL_17673446	1990	2003-05-27	South America / Brazil / Sao Paulo / Sao Paulo
EPI_ISL_17673447	1990	2003-05-27	South America / Brazil / Sao Paulo / Sao Paulo
EPI_ISL_17673448	1990	2003-05-27	South America / Brazil / Sao Paulo / Barueri
EPI_ISL_17673449	1990	2003-05-27	South America / Brazil / Sao Paulo / Barueri
EPI_ISL_17673450	1990	2003-05-27	South America / Brazil / Sao Paulo / Barueri
EPI_ISL_17673451	1990	2003-05-27	South America / Brazil / Sao Paulo / Barueri
EPI_ISL_17673452	1990	2003-05-27	South America / Brazil / Sao Paulo / Barueri
EPI_ISL_17673453	1990	2003-05-27	South America / Brazil / Sao Paulo / Barueri
EPI_ISL_17673454	1990	2003-05-27	South America / Brazil / Sao Paulo / Barueri
EPI_ISL_17673455	1990	2003-05-25	South America / Brazil / Sao Paulo / Sao Jose do Rio Preto
EPI_ISL_17673456	1990	2003-05-25	South America / Brazil / Sao Paulo / Sao Jose do Rio Preto
EPI_ISL_17673457	1990	2003-05-25	South America / Brazil / Sao Paulo / Sao Jose do Rio Preto
EPI_ISL_17673458	1990	2003-05-25	South America / Brazil / Sao Paulo / Sao Jose do Rio Preto
EPI_ISL_17673459	1990	2003-05-25	South America / Brazil / Sao Paulo / Sao Jose do Rio Preto
EPI_ISL_17673460	1990	2003-05-25	South America / Brazil / Sao Paulo / Sao Jose do Rio Preto
EPI_ISL_17673461	1990	2003-05-25	South America / Brazil / Sao Paulo / Sao Jose do Rio Preto
EPI_ISL_17673462	1990	2003-05-25	South America / Brazil / Sao Paulo / Sao Jose do Rio Preto
EPI_ISL_17673463	1990	2003-05-25	South America / Brazil / Sao Paulo / Ribeirao Preto
EPI_ISL_17673464	1990	2003-05-25	South America / Brazil / Sao Paulo / Ribeirao Preto
EPI_ISL_17673465	1990	2003-05-25	South America / Brazil / Sao Paulo / Santos
EPI_ISL_17673466	1990	2003-05-25	South America / Brazil / Sao Paulo / Santos
EPI_ISL_17673467	1990	2003-05-25	South America / Brazil / Sao Paulo / Santos
EPI_ISL_17673468	1990	2003-05-25	South America / Brazil / Sao Paulo / Campinas
EPI_ISL_17673469	1990	2003-05-25	South America / Brazil / Sao Paulo / Campinas
EPI_ISL_17673470	1990	2003-05-25	South America / Brazil / Sao Paulo / Campinas
EPI_ISL_17673471	1990	2003-05-25	South America / Brazil / Sao Paulo / Barretos
EPI_ISL_17673472	1990	2003-05-25	South America / Brazil / Sao Paulo / Barretos
EPI_ISL_17673473	1990	2003-05-25	South America / Brazil / Sao Paulo / Barretos
EPI_ISL_17673474	1990	2003-05-25	South America / Brazil / Sao Paulo / Barretos
EPI_ISL_17673475	1990	2003-05-25	South America / Brazil / Sao Paulo / Barretos
EPI_ISL_17673476	1990	2003-05-25	South America / Brazil / Sao Paulo / Barretos
EPI_ISL_17673477	2010	2010-08-26	South America / Brazil / Sao Paulo
EPI_ISL_17673478	2010	2010-08-26	South America / Brazil / Sao Paulo
EPI_ISL_17673479	2010	2010-08-26	South America / Brazil / Sao Paulo
EPI_ISL_17673480	2010	2010-08-26	South America / Brazil / Sao Paulo
EPI_ISL_17673494	2012-06-01	2022-02-10	South America / Brazil / Sao Paulo / Sao Jose do Rio Preto
EPI_ISL_17673495	2021-04-16	2022-05-05	South America / Brazil / Sao Paulo / Guaruja
EPI_ISL_17673496	2023-01-03	2023-04-10	South America / Brazil / Sao Paulo / Andradina
EPI_ISL_17673497	2023-01-02	2023-04-10	South America / Brazil / Sao Paulo / Orlandia
EPI_ISL_17673498	2023-01-02	2023-04-10	South America / Brazil / Sao Paulo / Orlandia
EPI_ISL_17673499	2023-01-02	2023-04-10	South America / Brazil / Sao Paulo / Orlandia
EPI_ISL_17673500	2023-01-10	2023-04-10	South America / Brazil / Sao Paulo / Taubate
EPI_ISL_17673501	2023-01-10	2023-04-10	South America / Brazil / Sao Paulo / Rosana
EPI_ISL_17673502	2023-01-07	2023-04-10	South America / Brazil / Sao Paulo / Rosana
EPI_ISL_17673503	2023-01-09	2023-04-10	South America / Brazil / Sao Paulo / Maua
EPI_ISL_17673504	2023-01-09	2023-04-10	South America / Brazil / Sao Paulo / Sorocaba
EPI_ISL_17673505	2023-01-10	2023-04-10	South America / Brazil / Sao Paulo / Taubate
EPI_ISL_17673506	2023-01-19	2023-04-10	South America / Brazil / Sao Paulo / Rosana
EPI_ISL_17673507	2023-01-19	2023-04-10	South America / Brazil / Sao Paulo / Araras
EPI_ISL_17673508	2023-01-16	2023-04-10	South America / Brazil / Sao Paulo / Bauru
EPI_ISL_17673509	2023-01-16	2023-04-10	South America / Brazil / Sao Paulo / Marilia
EPI_ISL_17673510	2023-01-24	2023-04-10	South America / Brazil / Sao Paulo / Franco Da Rocha
EPI_ISL_17673511	2023-01-27	2023-04-10	South America / Brazil / Sao Paulo / Franco da Rocha
EPI_ISL_17673512	2023-01-24	2023-04-10	South America / Brazil / Sao Paulo / Pirassununga
EPI_ISL_17673513	2023-01-26	2023-04-10	South America / Brazil / Sao Paulo / Cajobi
EPI_ISL_17673514	2023-02-01	2023-04-10	South America / Brazil / Sao Paulo / Rosana
EPI_ISL_17673515	2023-02-01	2023-04-10	South America / Brazil / Sao Paulo / Rosana
EPI_ISL_17673516	2023-01-28	2023-04-10	South America / Brazil / Sao Paulo / Franco da Rocha
EPI_ISL_17673517	2023-01-08	2023-04-10	South America / Brazil / Sao Paulo
EPI_ISL_17673518	2023-02-02	2023-04-10	South America / Brazil / Sao Paulo / Cajobi
EPI_ISL_17673519	2023-01-31	2023-04-10	South America / Brazil / Sao Paulo / Itapolis
EPI_ISL_17673520	2023-02-06	2023-04-10	South America / Brazil / Sao Paulo / Andradina
EPI_ISL_17673521	2023-02-08	2023-04-10	South America / Brazil / Sao Paulo / Rosana
EPI_ISL_17673522	2023-02-08	2023-04-10	South America / Brazil / Sao Paulo / Guaimbe
EPI_ISL_17673523	2023-02-06	2023-04-10	South America / Brazil / Sao Paulo / Tupa
EPI_ISL_17673524	2023-02-13	2023-04-10	South America / Brazil / Sao Paulo / Andradina
EPI_ISL_17673525	2023-02-13	2023-04-10	South America / Brazil / Sao Paulo / Andradina
EPI_ISL_17673526	2023-02-01	2023-04-10	South America / Brazil / Sao Paulo / Presidente Prudente
EPI_ISL_17673527	2023-02-13	2023-04-10	South America / Brazil / Sao Paulo / Taubate
EPI_ISL_17673528	2023-02-09	2023-04-10	South America / Brazil / Sao Paulo / Orlandia
EPI_ISL_17673529	2023-02-13	2023-04-10	South America / Brazil / Sao Paulo / Guaira
EPI_ISL_17673530	2023-01-13	2023-04-10	South America / Brazil / Sao Paulo / Alfredo Marcondes
EPI_ISL_17673531	2023-01-19	2023-04-10	South America / Brazil / Sao Paulo / Rosana
EPI_ISL_17673532	2023-01-25	2023-04-10	South America / Brazil / Sao Paulo / Taquaritinga
EPI_ISL_17673533	2023-01-24	2023-04-10	South America / Brazil / Sao Paulo / Salto Grande
EPI_ISL_17673534	2023-01-27	2023-04-10	South America / Brazil / Sao Paulo / Sao Joaquim da Barra
EPI_ISL_17673535	2023-02-07	2023-04-10	South America / Brazil / Sao Paulo / Taquaritinga
EPI_ISL_17673536	2023-02-12	2023-04-10	South America / Brazil / Sao Paulo / Taquaritinga
EPI_ISL_17699729	2023-03-20	2023-05-23	South America / Brazil / Sao Paulo / Batatais
EPI_ISL_17699730	2023-03-13	2023-05-23	South America / Brazil / Sao Paulo / Bebedouro
EPI_ISL_17699731	2023-02-05	2023-05-23	South America / Brazil / Sao Paulo / Campinas
EPI_ISL_17699732	2023-03-07	2023-05-23	South America / Brazil / Sao Paulo / Capao Bonito
EPI_ISL_17699733	2023-03-21	2023-05-23	South America / Brazil / Sao Paulo / Caraguatatuba
EPI_ISL_17699734	2023-03-13	2023-05-23	South America / Brazil / Sao Paulo / Castilho
EPI_ISL_17699735	2023-03-21	2023-05-23	South America / Brazil / Sao Paulo / Dracena
EPI_ISL_17699736	2023-03-19	2023-05-23	South America / Brazil / Sao Paulo / Franco da Rocha
EPI_ISL_17699737	2023-03-27	2023-05-23	South America / Brazil / Sao Paulo / Guaruja
EPI_ISL_17699738	2023-03-05	2023-05-23	South America / Brazil / Sao Paulo / Guarulhos
EPI_ISL_17699739	2023-02-13	2023-05-23	South America / Brazil / Sao Paulo / Herculandia
EPI_ISL_17699740	2023-03-21	2023-05-23	South America / Brazil / Sao Paulo / Ilha Solteira
EPI_ISL_17699741	2023-03-19	2023-05-23	South America / Brazil / Sao Paulo / Ilhabela
EPI_ISL_17699742	2023-03-02	2023-05-23	South America / Brazil / Sao Paulo / Itapolis
EPI_ISL_17699743	2023-03-20	2023-05-23	South America / Brazil / Sao Paulo / Itarare
EPI_ISL_17699744	2023-02-28	2023-05-23	South America / Brazil / Sao Paulo / Ituverava
EPI_ISL_17699745	2023-04-03	2023-05-23	South America / Brazil / Sao Paulo / Jau
EPI_ISL_17699746	2023-03-28	2023-05-23	South America / Brazil / Sao Paulo / Jundiai
EPI_ISL_17699747	2023-02-15	2023-05-23	South America / Brazil / Sao Paulo / Laranjal Paulista
EPI_ISL_17699748	2023-03-10	2023-05-23	South America / Brazil / Sao Paulo / Limeira
EPI_ISL_17699749	2023-03-17	2023-05-23	South America / Brazil / Sao Paulo / Limeira
EPI_ISL_17699750	2023-03-27	2023-05-23	South America / Brazil / Sao Paulo / Lins
EPI_ISL_17699751	2023-03-29	2023-05-23	South America / Brazil / Sao Paulo / Lins
EPI_ISL_17699752	2023-03-20	2023-05-23	South America / Brazil / Sao Paulo / Marilia
EPI_ISL_17699753	2023-03-27	2023-05-23	South America / Brazil / Sao Paulo / Mogi Guacu
EPI_ISL_17699754	2023-03-15	2023-05-23	South America / Brazil / Sao Paulo / Orlandia
EPI_ISL_17699755	2023-03-28	2023-05-23	South America / Brazil / Sao Paulo / Osvaldo Cruz
EPI_ISL_17699756	2023-02-28	2023-05-23	South America / Brazil / Sao Paulo / Panorama
EPI_ISL_17699757	2023-03-22	2023-05-23	South America / Brazil / Sao Paulo / Peruibe
EPI_ISL_17699758	2023-03-15	2023-05-23	South America / Brazil / Sao Paulo / Ribeirao Preto
EPI_ISL_17699759	2023-02-25	2023-05-23	South America / Brazil / Sao Paulo / Ribeirao Preto
EPI_ISL_17699760	2023-02-22	2023-05-23	South America / Brazil / Sao Paulo / Rio Claro
EPI_ISL_17699761	2023-02-15	2023-05-23	South America / Brazil / Sao Paulo / Rosana
EPI_ISL_17699762	2023-02-15	2023-05-23	South America / Brazil / Sao Paulo / Santa Barbara D''Oeste
EPI_ISL_17699763	2023-03-20	2023-05-23	South America / Brazil / Sao Paulo / Santos
EPI_ISL_17699764	2023-03-30	2023-05-23	South America / Brazil / Sao Paulo / Sao Caetano do Sul
EPI_ISL_17699766	2023-02-14	2023-05-23	South America / Brazil / Sao Paulo / Sao Joaquim da Barra
EPI_ISL_17699767	2023-02-21	2023-05-23	South America / Brazil / Sao Paulo / Sao Jose do Rio Preto
EPI_ISL_17699768	2023-03-24	2023-05-23	South America / Brazil / Sao Paulo / Sao Paulo
EPI_ISL_17699769	2023-02-22	2023-05-23	South America / Brazil / Sao Paulo / Taquaritinga
EPI_ISL_17699770	2023-03-06	2023-05-23	South America / Brazil / Sao Paulo / Taubate
EPI_ISL_17699771	2023-03-07	2023-05-23	South America / Brazil / Sao Paulo / Viradouro
EPI_ISL_17699772	2023-02-13	2023-05-23	South America / Brazil / Sao Paulo / Franco da Rocha
EPI_ISL_17699773	2023-03-05	2023-05-23	South America / Brazil / Sao Paulo / Guarulhos
EPI_ISL_17699774	2023-03-14	2023-05-23	South America / Brazil / Sao Paulo / Guarulhos
EPI_ISL_17699775	2023-03-16	2023-05-23	South America / Brazil / Sao Paulo / Sao Paulo
EPI_ISL_17699776	2023-04-19	2023-05-23	South America / Brazil / Sao Paulo / Sao Paulo
EPI_ISL_17699777	2023-03-13	2023-05-23	South America / Brazil / Sao Paulo / Sorocaba
EPI_ISL_17859411	2023-02-16	2023-06-20	South America / Brazil / Sao Paulo / Braganca Paulista
EPI_ISL_17983072	2023-04-08	2023-07-13	South America / Brazil / Sao Paulo / Guarulhos
EPI_ISL_17983073	2023-04-04	2023-07-13	South America / Brazil / Sao Paulo / Guarulhos
EPI_ISL_17983074	2023-04-08	2023-07-13	South America / Brazil / Sao Paulo / Guarulhos
EPI_ISL_17983075	2023-04-08	2023-07-13	South America / Brazil / Sao Paulo / Canitar
EPI_ISL_17983076	2023-04-11	2023-07-13	South America / Brazil / Sao Paulo / Herculandia
EPI_ISL_17983077	2023-04-23	2023-07-13	South America / Brazil / Sao Paulo / Indaiatuba
EPI_ISL_17983078	2023-04-25	2023-07-13	South America / Brazil / Sao Paulo / Lins
EPI_ISL_17983079	2023-04-28	2023-07-13	South America / Brazil / Sao Paulo / Ocaucu
EPI_ISL_17983080	2023-04-24	2023-07-13	South America / Brazil / Sao Paulo / Pradopolis
EPI_ISL_17983081	2023-04-24	2023-07-13	South America / Brazil / Sao Paulo / Natividade Da Serra
EPI_ISL_17983082	2023-04-17	2023-07-13	South America / Brazil / Sao Paulo / Peruibe
EPI_ISL_17983083	2023-05-01	2023-07-13	South America / Brazil / Sao Paulo / Mairipora
EPI_ISL_17983084	2023-05-03	2023-07-13	South America / Brazil / Sao Paulo / Jandira
EPI_ISL_17983085	2023-05-08	2023-07-13	South America / Brazil / Sao Paulo / Mairipora
EPI_ISL_17983086	2023-05-02	2023-07-13	South America / Brazil / Sao Paulo / Sao Paulo
EPI_ISL_17983087	2023-05-15	2023-07-13	South America / Brazil / Sao Paulo / Sao Paulo
EPI_ISL_18485690	2023-05-08	2023-11-09	South America / Brazil / Sao Paulo / Sao Caetano Do Sul
EPI_ISL_18485691	2023-05-11	2023-11-09	South America / Brazil / Sao Paulo / Sao Bernardo Do Campo
EPI_ISL_18485692	2023-05-11	2023-11-09	South America / Brazil / Sao Paulo / Santo Andre
EPI_ISL_18485693	2023-05-12	2023-11-09	South America / Brazil / Sao Paulo / Guarulhos
EPI_ISL_18485695	2023-05-09	2023-11-09	South America / Brazil / Sao Paulo / Peruibe
EPI_ISL_18485696	2023-05-12	2023-11-09	South America / Brazil / Sao Paulo / Ourinhos
EPI_ISL_18485697	2023-05-19	2023-11-09	South America / Brazil / Sao Paulo / Bariri
EPI_ISL_18485698	2023-05-15	2023-11-09	South America / Brazil / Sao Paulo / Campinas
EPI_ISL_18485699	2023-05-14	2023-11-09	South America / Brazil / Sao Paulo / Sao Jose Dos Campos
EPI_ISL_18485700	2023-05-22	2023-11-09	South America / Brazil / Sao Paulo / Taubate
EPI_ISL_18485701	2023-05-17	2023-11-09	South America / Brazil / Sao Paulo / Jundiai
EPI_ISL_18485702	2023-05-09	2023-11-09	South America / Brazil / Sao Paulo / Sao Paulo
EPI_ISL_18485703	2023-05-17	2023-11-09	South America / Brazil / Sao Paulo / Buri
EPI_ISL_18485704	2023-05-15	2023-11-09	South America / Brazil / Sao Paulo / Santa Isabel
EPI_ISL_18485705	2023-05-25	2023-11-09	South America / Brazil / Sao Paulo / Sao Paulo
EPI_ISL_18485706	2023-05-27	2023-11-09	South America / Brazil / Sao Paulo / Cotia
EPI_ISL_18485707	2023-05-10	2023-11-09	South America / Brazil / Sao Paulo / Campinas
EPI_ISL_18485708	2023-05-20	2023-11-09	South America / Brazil / Sao Paulo / Narandiba
EPI_ISL_18485709	2023-05-25	2023-11-09	South America / Brazil / Sao Paulo / Taubate
EPI_ISL_18485710	2023-05-23	2023-11-09	South America / Brazil / Sao Paulo / Caraguatatuba
EPI_ISL_18485711	2023-04-26	2023-11-09	South America / Brazil / Sao Paulo / Guaruja
EPI_ISL_18485712	2023-05-26	2023-11-09	South America / Brazil / Sao Paulo / Ilha Solteira
EPI_ISL_18485713	2023-06-01	2023-11-09	South America / Brazil / Sao Paulo / Rosana
EPI_ISL_18485714	2023-05-19	2023-11-09	South America / Brazil / Sao Paulo / Capivari
EPI_ISL_18485715	2023-06-03	2023-11-09	South America / Brazil / Sao Paulo / Mairipora
EPI_ISL_18485716	2023-05-08	2023-11-09	South America / Brazil / Sao Paulo / Quata
EPI_ISL_18485717	2023-06-13	2023-11-09	South America / Brazil / Sao Paulo / Aracatuba
EPI_ISL_18485718	2023-06-13	2023-11-09	South America / Brazil / Sao Paulo / Maua
EPI_ISL_18485719	2023-06-15	2023-11-09	South America / Brazil / Sao Paulo / Rio Claro
EPI_ISL_18485721	2023-06-07	2023-11-09	South America / Brazil / Sao Paulo / Guaruja
EPI_ISL_18485722	2023-06-22	2023-11-09	South America / Brazil / Sao Paulo / Jundiai
EPI_ISL_18485723	2023-07-03	2023-11-09	South America / Brazil / Sao Paulo / Bauru
EPI_ISL_18485726	2023-07-18	2023-11-09	South America / Brazil / Sao Paulo / Carapicuiba
EPI_ISL_18485727	2023-08-10	2023-11-09	South America / Brazil / Sao Paulo / Aracatuba
EPI_ISL_18485728	2023-08-23	2023-11-09	South America / Brazil / Sao Paulo / Santos
EPI_ISL_18485729	2023-08-17	2023-11-09	South America / Brazil / Sao Paulo / Guaratingueta
EPI_ISL_18485730	2023-05-15	2023-11-09	South America / Brazil / Sao Paulo / Assis
EPI_ISL_18485731	2023-05-16	2023-11-09	South America / Brazil / Sao Paulo / Iepe
EPI_ISL_18485732	2023-04-03	2023-11-09	South America / Brazil / Sao Paulo / Coronel Macedo
EPI_ISL_18485734	2023-05-19	2023-11-09	South America / Brazil / Sao Paulo / Lencois Paulista
EPI_ISL_18485735	2023-05-22	2023-11-09	South America / Brazil / Sao Paulo / Herculandia
EPI_ISL_18485736	2023-05-18	2023-11-09	South America / Brazil / Sao Paulo / Bertioga
EPI_ISL_18485737	2023-05-30	2023-11-09	South America / Brazil / Sao Paulo / Morro Agudo
EPI_ISL_18485738	2023-06-02	2023-11-09	South America / Brazil / Sao Paulo / Santa Cruz Do Rio Pardo
EPI_ISL_18485739	2023-05-27	2023-11-09	South America / Brazil / Sao Paulo / Praia Grande
EPI_ISL_18485740	2023-05-31	2023-11-09	South America / Brazil / Sao Paulo / Sao Carlos
EPI_ISL_18485741	2023-06-23	2023-11-09	South America / Brazil / Sao Paulo / Jaboticabal
EPI_ISL_18485742	2023-06-22	2023-11-09	South America / Brazil / Sao Paulo / Tremembe
EPI_ISL_18485745	2023-08-12	2023-11-09	South America / Brazil / Sao Paulo / Ribeirao Preto
EPI_ISL_18485746	2023-05-04	2023-11-09	South America / Brazil / Sao Paulo / Itaquaquecetuba
EPI_ISL_18485747	2023-06-22	2023-11-09	South America / Brazil / Sao Paulo / Pirassununga
EPI_ISL_18485748	2023-05-15	2023-11-09	South America / Brazil / Sao Paulo / Guarulhos
EPI_ISL_18485750	2023-08-10	2023-11-09	South America / Brazil / Sao Paulo / Peruibe
EPI_ISL_18485751	2023-08-14	2023-11-09	South America / Brazil / Sao Paulo / Itapeva
EPI_ISL_18485753	2023-07-22	2023-11-09	South America / Brazil / Sao Paulo / Sao Paulo
EPI_ISL_18542103	2023-11-09	2023-11-24	South America / Brazil / Sao Paulo / Votuporanga
EPI_ISL_18679912	2023-09-01	2023-12-23	South America / Brazil / Sao Paulo / Guaratingueta
EPI_ISL_18679913	2023-09-11	2023-12-23	South America / Brazil / Sao Paulo / Guararapes
EPI_ISL_18679914	2023-10-04	2023-12-23	South America / Brazil / Sao Paulo / Caraguatatuba
EPI_ISL_18679915	2023-10-05	2023-12-23	South America / Brazil / Sao Paulo / Guarulhos
EPI_ISL_18679916	2023-10-16	2023-12-23	South America / Brazil / Sao Paulo / Guaruja
EPI_ISL_18679917	2023-10-28	2023-12-23	South America / Brazil / Sao Paulo / Sorocaba
EPI_ISL_18679918	2023-09-20	2023-12-23	South America / Brazil / Sao Paulo / Tupa
EPI_ISL_18679919	2023-10-24	2023-12-23	South America / Brazil / Sao Paulo / Caraguatatuba
EPI_ISL_18679920	2023-11-07	2023-12-23	South America / Brazil / Sao Paulo / Bauru
EPI_ISL_18679921	2023-11-11	2023-12-23	South America / Brazil / Sao Paulo / Catanduva
EPI_ISL_18679922	2023-10-04	2023-12-23	South America / Brazil / Sao Paulo / Palmares Paulista
EPI_ISL_18679923	2023-11-14	2023-12-23	South America / Brazil / Sao Paulo / Fernandopolis
EPI_ISL_18679924	2023-07-31	2023-12-23	South America / Brazil / Sao Paulo / Ribeirao Preto
EPI_ISL_18679925	2023-08-08	2023-12-23	South America / Brazil / Sao Paulo / Colombia
EPI_ISL_18679926	2023-08-09	2023-12-23	South America / Brazil / Sao Paulo / Ribeirao Preto
EPI_ISL_18679927	2023-11-28	2023-12-23	South America / Brazil / Sao Paulo / Sao Jose da Bela Vista
EPI_ISL_18679928	2023-11-21	2023-12-23	South America / Brazil / Sao Paulo / Guaruja
EPI_ISL_18679929	2023-11-14	2023-12-23	South America / Brazil / Sao Paulo / Caraguatatuba
EPI_ISL_18679930	2023-11-22	2023-12-23	South America / Brazil / Sao Paulo / Marilia
EPI_ISL_18679931	2023-11-27	2023-12-23	South America / Brazil / Sao Paulo / Tatui
EPI_ISL_18679932	2023-08-22	2023-12-23	South America / Brazil / Sao Paulo / Monte Azul Paulista
EPI_ISL_18679933	2023-09-26	2023-12-23	South America / Brazil / Sao Paulo / Monte Azul Paulista
EPI_ISL_18679934	2023-10-16	2023-12-23	South America / Brazil / Sao Paulo / Monte Azul Paulista
EPI_ISL_18679935	2023-11-08	2023-12-23	South America / Brazil / Sao Paulo / Batatais
EPI_ISL_18679937	2023-10-05	2023-12-23	South America / Brazil / Sao Paulo / Bebedouro
EPI_ISL_18739789	2021-05-29	2024-01-09	South America / Brazil / Sao Paulo
EPI_ISL_18739790	2021-02-15	2024-01-09	South America / Brazil / Sao Paulo
EPI_ISL_18739791	2021-03-09	2024-01-09	South America / Brazil / Sao Paulo
EPI_ISL_18739792	2021-04-13	2024-01-09	South America / Brazil / Sao Paulo
EPI_ISL_18739793	2021-04-18	2024-01-09	South America / Brazil / Sao Paulo
EPI_ISL_18739794	2021-04-23	2024-01-09	South America / Brazil / Sao Paulo
EPI_ISL_18739795	2021-04-24	2024-01-09	South America / Brazil / Sao Paulo
EPI_ISL_18739796	2021-05-11	2024-01-09	South America / Brazil / Sao Paulo
EPI_ISL_18739797	2021-03-13	2024-01-09	South America / Brazil / Sao Paulo
EPI_ISL_18739798	2021-03-15	2024-01-09	South America / Brazil / Sao Paulo
EPI_ISL_18739799	2021-03-22	2024-01-09	South America / Brazil / Sao Paulo
EPI_ISL_18739800	2021-04-22	2024-01-09	South America / Brazil / Sao Paulo
EPI_ISL_18739801	2021-04-22	2024-01-09	South America / Brazil / Sao Paulo
EPI_ISL_18739802	2021-06-16	2024-01-09	South America / Brazil / Sao Paulo
EPI_ISL_18739803	2021-03-07	2024-01-09	South America / Brazil / Sao Paulo
EPI_ISL_18739804	2021-03-08	2024-01-09	South America / Brazil / Sao Paulo
EPI_ISL_18739805	2021-03-24	2024-01-09	South America / Brazil / Sao Paulo
EPI_ISL_18739806	2021-03-25	2024-01-09	South America / Brazil / Sao Paulo
EPI_ISL_18739807	2021-03-27	2024-01-09	South America / Brazil / Sao Paulo
EPI_ISL_18739808	2021-03-27	2024-01-09	South America / Brazil / Sao Paulo
EPI_ISL_18739809	2021-03-31	2024-01-09	South America / Brazil / Sao Paulo
EPI_ISL_18739810	2021-03-30	2024-01-09	South America / Brazil / Sao Paulo
EPI_ISL_18739811	2021-04-03	2024-01-09	South America / Brazil / Sao Paulo
EPI_ISL_18739812	2021-04-02	2024-01-09	South America / Brazil / Sao Paulo
EPI_ISL_18739813	2021-03-31	2024-01-09	South America / Brazil / Sao Paulo
EPI_ISL_18739814	2021-04-04	2024-01-09	South America / Brazil / Sao Paulo
EPI_ISL_18739815	2021-04-05	2024-01-09	South America / Brazil / Sao Paulo
EPI_ISL_18739816	2021-04-07	2024-01-09	South America / Brazil / Sao Paulo
EPI_ISL_18739817	2021-04-06	2024-01-09	South America / Brazil / Sao Paulo
EPI_ISL_18739818	2021-04-07	2024-01-09	South America / Brazil / Sao Paulo
EPI_ISL_18739819	2021-04-07	2024-01-09	South America / Brazil / Sao Paulo
EPI_ISL_18739820	2021-04-08	2024-01-09	South America / Brazil / Sao Paulo
EPI_ISL_18739821	2021-04-08	2024-01-09	South America / Brazil / Sao Paulo
EPI_ISL_18739822	2021-04-10	2024-01-09	South America / Brazil / Sao Paulo
EPI_ISL_18739823	2021-04-10	2024-01-09	South America / Brazil / Sao Paulo
EPI_ISL_18739824	2021-04-12	2024-01-09	South America / Brazil / Sao Paulo
EPI_ISL_18739825	2021-04-09	2024-01-09	South America / Brazil / Sao Paulo
EPI_ISL_18739826	2021-04-12	2024-01-09	South America / Brazil / Sao Paulo
EPI_ISL_18739827	2021-04-13	2024-01-09	South America / Brazil / Sao Paulo
EPI_ISL_18739828	2021-04-13	2024-01-09	South America / Brazil / Sao Paulo
EPI_ISL_18739829	2021-04-13	2024-01-09	South America / Brazil / Sao Paulo
EPI_ISL_18739830	2021-04-12	2024-01-09	South America / Brazil / Sao Paulo
EPI_ISL_18739831	2021-04-14	2024-01-09	South America / Brazil / Sao Paulo
EPI_ISL_18739832	2021-04-14	2024-01-09	South America / Brazil / Sao Paulo
EPI_ISL_18739833	2021-04-14	2024-01-09	South America / Brazil / Sao Paulo
EPI_ISL_18739834	2021-04-15	2024-01-09	South America / Brazil / Sao Paulo
EPI_ISL_18739835	2021-04-15	2024-01-09	South America / Brazil / Sao Paulo
EPI_ISL_18739836	2021-04-15	2024-01-09	South America / Brazil / Sao Paulo
EPI_ISL_18739837	2021-04-15	2024-01-09	South America / Brazil / Sao Paulo
EPI_ISL_18739838	2021-04-18	2024-01-09	South America / Brazil / Sao Paulo
EPI_ISL_18739839	2021-04-16	2024-01-09	South America / Brazil / Sao Paulo
EPI_ISL_18739840	2021-04-19	2024-01-09	South America / Brazil / Sao Paulo
EPI_ISL_18739841	2021-04-15	2024-01-09	South America / Brazil / Sao Paulo
EPI_ISL_18739842	2021-04-17	2024-01-09	South America / Brazil / Sao Paulo
EPI_ISL_18739843	2021-04-21	2024-01-09	South America / Brazil / Sao Paulo
EPI_ISL_18739844	2021-05-06	2024-01-09	South America / Brazil / Sao Paulo
EPI_ISL_18739845	2021-03-14	2024-01-09	South America / Brazil / Sao Paulo
EPI_ISL_18739846	2021-03-13	2024-01-09	South America / Brazil / Sao Paulo
EPI_ISL_18739847	2021-04-03	2024-01-09	South America / Brazil / Sao Paulo
EPI_ISL_18739848	2021-04-08	2024-01-09	South America / Brazil / Sao Paulo
EPI_ISL_18739849	2021-04-08	2024-01-09	South America / Brazil / Sao Paulo
EPI_ISL_18739850	2021-04-19	2024-01-09	South America / Brazil / Sao Paulo
EPI_ISL_18739851	2021-04-24	2024-01-09	South America / Brazil / Sao Paulo
EPI_ISL_18739852	2021-04-24	2024-01-09	South America / Brazil / Sao Paulo
EPI_ISL_18739853	2021-05-07	2024-01-09	South America / Brazil / Sao Paulo
EPI_ISL_18739854	2021-05-13	2024-01-09	South America / Brazil / Sao Paulo
EPI_ISL_18739855	2021-05-19	2024-01-09	South America / Brazil / Sao Paulo
EPI_ISL_18739856	2021-06-10	2024-01-09	South America / Brazil / Sao Paulo
EPI_ISL_18739857	2022-04-16	2024-01-09	South America / Brazil / Sao Paulo
EPI_ISL_18739858	2022-03-30	2024-01-09	South America / Brazil / Sao Paulo
EPI_ISL_18739859	2022-03-03	2024-01-09	South America / Brazil / Sao Paulo
EPI_ISL_18739860	2022-04-17	2024-01-09	South America / Brazil / Sao Paulo
EPI_ISL_18739861	2022-04-11	2024-01-09	South America / Brazil / Sao Paulo
EPI_ISL_18739862	2022-04-11	2024-01-09	South America / Brazil / Sao Paulo
EPI_ISL_18739863	2022-03-20	2024-01-09	South America / Brazil / Sao Paulo
EPI_ISL_18739864	2022-05-16	2024-01-09	South America / Brazil / Sao Paulo
EPI_ISL_18739865	2022-05-08	2024-01-09	South America / Brazil / Sao Paulo
EPI_ISL_18739866	2022-05-01	2024-01-09	South America / Brazil / Sao Paulo
EPI_ISL_18739867	2022-05-24	2024-01-09	South America / Brazil / Sao Paulo
EPI_ISL_18739868	2022-05-22	2024-01-09	South America / Brazil / Sao Paulo
EPI_ISL_18739869	2022-05-16	2024-01-09	South America / Brazil / Sao Paulo
EPI_ISL_18739870	2022-05-17	2024-01-09	South America / Brazil / Sao Paulo
EPI_ISL_18739871	2022-05-17	2024-01-09	South America / Brazil / Sao Paulo
EPI_ISL_18739872	2022-05-14	2024-01-09	South America / Brazil / Sao Paulo
EPI_ISL_18739873	2022-05-12	2024-01-09	South America / Brazil / Sao Paulo
EPI_ISL_18739874	2022-05-11	2024-01-09	South America / Brazil / Sao Paulo
EPI_ISL_18739875	2022-05-06	2024-01-09	South America / Brazil / Sao Paulo
EPI_ISL_18739876	2022-05-11	2024-01-09	South America / Brazil / Sao Paulo
EPI_ISL_18739877	2022-05-10	2024-01-09	South America / Brazil / Sao Paulo
EPI_ISL_18739878	2022-05-10	2024-01-09	South America / Brazil / Sao Paulo
EPI_ISL_18739879	2022-05-09	2024-01-09	South America / Brazil / Sao Paulo
EPI_ISL_18739880	2022-05-09	2024-01-09	South America / Brazil / Sao Paulo
EPI_ISL_18739881	2022-05-09	2024-01-09	South America / Brazil / Sao Paulo
EPI_ISL_18739882	2022-05-09	2024-01-09	South America / Brazil / Sao Paulo
EPI_ISL_18739883	2022-05-08	2024-01-09	South America / Brazil / Sao Paulo
EPI_ISL_18739884	2022-05-08	2024-01-09	South America / Brazil / Sao Paulo
EPI_ISL_18739885	2022-05-06	2024-01-09	South America / Brazil / Sao Paulo
EPI_ISL_18739886	2022-05-04	2024-01-09	South America / Brazil / Sao Paulo
EPI_ISL_18739887	2022-04-30	2024-01-09	South America / Brazil / Sao Paulo
EPI_ISL_18739888	2022-05-04	2024-01-09	South America / Brazil / Sao Paulo
EPI_ISL_18739889	2022-05-04	2024-01-09	South America / Brazil / Sao Paulo
EPI_ISL_18739890	2022-05-02	2024-01-09	South America / Brazil / Sao Paulo
EPI_ISL_18739891	2022-05-03	2024-01-09	South America / Brazil / Sao Paulo
EPI_ISL_18739892	2022-05-02	2024-01-09	South America / Brazil / Sao Paulo
EPI_ISL_18739893	2022-04-29	2024-01-09	South America / Brazil / Sao Paulo
EPI_ISL_18739894	2022-05-01	2024-01-09	South America / Brazil / Sao Paulo
EPI_ISL_18739895	2022-04-30	2024-01-09	South America / Brazil / Sao Paulo
EPI_ISL_18739896	2022-04-22	2024-01-09	South America / Brazil / Sao Paulo
EPI_ISL_18739897	2022-04-22	2024-01-09	South America / Brazil / Sao Paulo
EPI_ISL_18739898	2022-04-24	2024-01-09	South America / Brazil / Sao Paulo
EPI_ISL_18739899	2023-03-25	2024-01-09	South America / Brazil / Sao Paulo
EPI_ISL_18739900	2023-03-20	2024-01-09	South America / Brazil / Sao Paulo
EPI_ISL_18739901	2023-03-20	2024-01-09	South America / Brazil / Sao Paulo
EPI_ISL_18739902	2023-03-20	2024-01-09	South America / Brazil / Sao Paulo
EPI_ISL_18739903	2023-03-17	2024-01-09	South America / Brazil / Sao Paulo
EPI_ISL_18739904	2023-03-14	2024-01-09	South America / Brazil / Sao Paulo
EPI_ISL_18739905	2023-03-14	2024-01-09	South America / Brazil / Sao Paulo
EPI_ISL_18739906	2023-03-14	2024-01-09	South America / Brazil / Sao Paulo
EPI_ISL_18739907	2023-03-13	2024-01-09	South America / Brazil / Sao Paulo
EPI_ISL_18739908	2023-03-13	2024-01-09	South America / Brazil / Sao Paulo
EPI_ISL_18739909	2023-04-03	2024-01-09	South America / Brazil / Sao Paulo
EPI_ISL_18739910	2023-04-10	2024-01-09	South America / Brazil / Sao Paulo
EPI_ISL_18739911	2023-04-11	2024-01-09	South America / Brazil / Sao Paulo
EPI_ISL_18739912	2023-04-09	2024-01-09	South America / Brazil / Sao Paulo
EPI_ISL_18739913	2023-04-09	2024-01-09	South America / Brazil / Sao Paulo
EPI_ISL_18739914	2023-04-16	2024-01-09	South America / Brazil / Sao Paulo
EPI_ISL_18739915	2023-04-14	2024-01-09	South America / Brazil / Sao Paulo
EPI_ISL_18739916	2023-04-18	2024-01-09	South America / Brazil / Sao Paulo
EPI_ISL_18739917	2023-04-18	2024-01-09	South America / Brazil / Sao Paulo
EPI_ISL_18739918	2023-01-08	2024-01-09	South America / Brazil / Sao Paulo
EPI_ISL_18739919	2023-01-09	2024-01-09	South America / Brazil / Sao Paulo
EPI_ISL_18739920	2023-01-25	2024-01-09	South America / Brazil / Sao Paulo
EPI_ISL_18739921	2023-01-30	2024-01-09	South America / Brazil / Sao Paulo
EPI_ISL_18739922	2023-01-31	2024-01-09	South America / Brazil / Sao Paulo
EPI_ISL_18739923	2023-02-01	2024-01-09	South America / Brazil / Sao Paulo
EPI_ISL_18739924	2023-02-03	2024-01-09	South America / Brazil / Sao Paulo
EPI_ISL_18739925	2023-02-07	2024-01-09	South America / Brazil / Sao Paulo
EPI_ISL_18739926	2023-02-09	2024-01-09	South America / Brazil / Sao Paulo
EPI_ISL_18739927	2023-02-14	2024-01-09	South America / Brazil / Sao Paulo
EPI_ISL_18739928	2023-02-15	2024-01-09	South America / Brazil / Sao Paulo
EPI_ISL_18739929	2023-02-15	2024-01-09	South America / Brazil / Sao Paulo
EPI_ISL_18739930	2023-02-15	2024-01-09	South America / Brazil / Sao Paulo
EPI_ISL_18739931	2023-03-01	2024-01-09	South America / Brazil / Sao Paulo
EPI_ISL_18739932	2023-03-03	2024-01-09	South America / Brazil / Sao Paulo
EPI_ISL_18739933	2023-03-03	2024-01-09	South America / Brazil / Sao Paulo
EPI_ISL_18739934	2023-03-05	2024-01-09	South America / Brazil / Sao Paulo
EPI_ISL_18739935	2023-03-07	2024-01-09	South America / Brazil / Sao Paulo
EPI_ISL_18739936	2023-03-06	2024-01-09	South America / Brazil / Sao Paulo
EPI_ISL_18739937	2023-03-08	2024-01-09	South America / Brazil / Sao Paulo
EPI_ISL_18739938	2023-03-08	2024-01-09	South America / Brazil / Sao Paulo
EPI_ISL_18739939	2023-03-10	2024-01-09	South America / Brazil / Sao Paulo
EPI_ISL_18739940	2023-03-11	2024-01-09	South America / Brazil / Sao Paulo
EPI_ISL_18739941	2023-03-11	2024-01-09	South America / Brazil / Sao Paulo
EPI_ISL_18739942	2023-03-11	2024-01-09	South America / Brazil / Sao Paulo
EPI_ISL_18739943	2023-03-11	2024-01-09	South America / Brazil / Sao Paulo
EPI_ISL_18739944	2023-03-12	2024-01-09	South America / Brazil / Sao Paulo
EPI_ISL_18739945	2023-03-13	2024-01-09	South America / Brazil / Sao Paulo
EPI_ISL_18739946	2023-03-14	2024-01-09	South America / Brazil / Sao Paulo
EPI_ISL_18739947	2023-05-08	2024-01-09	South America / Brazil / Sao Paulo
EPI_ISL_18739948	2023-05-07	2024-01-09	South America / Brazil / Sao Paulo
EPI_ISL_18739949	2023-05-08	2024-01-09	South America / Brazil / Sao Paulo
EPI_ISL_18739950	2023-05-07	2024-01-09	South America / Brazil / Sao Paulo
EPI_ISL_18739951	2023-04-24	2024-01-09	South America / Brazil / Sao Paulo
EPI_ISL_18739952	2023-04-24	2024-01-09	South America / Brazil / Sao Paulo
EPI_ISL_18739953	2023-05-22	2024-01-09	South America / Brazil / Sao Paulo
EPI_ISL_18739954	2023-05-22	2024-01-09	South America / Brazil / Sao Paulo
EPI_ISL_18739955	2023-05-22	2024-01-09	South America / Brazil / Sao Paulo
EPI_ISL_18739956	2023-04-01	2024-01-09	South America / Brazil / Sao Paulo
EPI_ISL_18739957	2023-04-01	2024-01-09	South America / Brazil / Sao Paulo
EPI_ISL_18739958	2023-03-28	2024-01-09	South America / Brazil / Sao Paulo
EPI_ISL_18739959	2023-03-28	2024-01-09	South America / Brazil / Sao Paulo
EPI_ISL_18739960	2023-03-24	2024-01-09	South America / Brazil / Sao Paulo
EPI_ISL_18739961	2023-03-20	2024-01-09	South America / Brazil / Sao Paulo
EPI_ISL_18739962	2023-04-23	2024-01-09	South America / Brazil / Sao Paulo
EPI_ISL_18739963	2023-04-23	2024-01-09	South America / Brazil / Sao Paulo
EPI_ISL_18739964	2023-04-17	2024-01-09	South America / Brazil / Sao Paulo
EPI_ISL_18739965	2023-04-09	2024-01-09	South America / Brazil / Sao Paulo
EPI_ISL_18739966	2023-04-09	2024-01-09	South America / Brazil / Sao Paulo
EPI_ISL_18739967	2023-04-06	2024-01-09	South America / Brazil / Sao Paulo
EPI_ISL_18739968	2023-04-05	2024-01-09	South America / Brazil / Sao Paulo
EPI_ISL_18739969	2023-04-01	2024-01-09	South America / Brazil / Sao Paulo
EPI_ISL_18739970	2023-04-29	2024-01-09	South America / Brazil / Sao Paulo
EPI_ISL_18739971	2023-08-30	2024-01-09	South America / Brazil / Sao Paulo
EPI_ISL_18739972	2023-02-25	2024-01-09	South America / Brazil / Sao Paulo
EPI_ISL_18739973	2023-03-04	2024-01-09	South America / Brazil / Sao Paulo
EPI_ISL_18739974	2023-03-04	2024-01-09	South America / Brazil / Sao Paulo
EPI_ISL_18739975	2023-03-06	2024-01-09	South America / Brazil / Sao Paulo
EPI_ISL_18755964	2023-12-25	2024-01-12	South America / Brazil / Sao Paulo / Sao Paulo
EPI_ISL_18840188	2023-03-23	2024-01-30	South America / Brazil / Sao Paulo
EPI_ISL_18840189	2023-03-21	2024-01-30	South America / Brazil / Sao Paulo
EPI_ISL_18840190	2023-03-15	2024-01-30	South America / Brazil / Sao Paulo
EPI_ISL_18840191	2023-03-15	2024-01-30	South America / Brazil / Sao Paulo
EPI_ISL_18840192	2023-03-14	2024-01-30	South America / Brazil / Sao Paulo
EPI_ISL_18840193	2023-03-08	2024-01-30	South America / Brazil / Sao Paulo
EPI_ISL_18840194	2023-03-07	2024-01-30	South America / Brazil / Sao Paulo
EPI_ISL_18840195	2023-03-06	2024-01-30	South America / Brazil / Sao Paulo
EPI_ISL_18840196	2023-03-06	2024-01-30	South America / Brazil / Sao Paulo
EPI_ISL_18840197	2023-03-01	2024-01-30	South America / Brazil / Sao Paulo
EPI_ISL_18840198	2023-02-28	2024-01-30	South America / Brazil / Sao Paulo
EPI_ISL_18840199	2023-02-28	2024-01-30	South America / Brazil / Sao Paulo
EPI_ISL_18840200	2023-02-28	2024-01-30	South America / Brazil / Sao Paulo
EPI_ISL_18840201	2023-02-27	2024-01-30	South America / Brazil / Sao Paulo
EPI_ISL_18840202	2023-01-05	2024-01-30	South America / Brazil / Sao Paulo
EPI_ISL_18840203	2023-03-21	2024-01-30	South America / Brazil / Sao Paulo
EPI_ISL_18840204	2023-03-13	2024-01-30	South America / Brazil / Sao Paulo
EPI_ISL_18840205	2023-02-27	2024-01-30	South America / Brazil / Sao Paulo
EPI_ISL_18840206	2023-02-16	2024-01-30	South America / Brazil / Sao Paulo
EPI_ISL_18840207	2023-03-15	2024-01-30	South America / Brazil / Sao Paulo
EPI_ISL_18840208	2023-03-08	2024-01-30	South America / Brazil / Sao Paulo
EPI_ISL_18840209	2023-03-08	2024-01-30	South America / Brazil / Sao Paulo
EPI_ISL_18840210	2023-03-07	2024-01-30	South America / Brazil / Sao Paulo
EPI_ISL_18840211	2023	2024-01-30	South America / Brazil / Sao Paulo
EPI_ISL_18840212	2023	2024-01-30	South America / Brazil / Sao Paulo
EPI_ISL_18840213	2023	2024-01-30	South America / Brazil / Sao Paulo
EPI_ISL_18840214	2023	2024-01-30	South America / Brazil / Sao Paulo
EPI_ISL_18840215	2023	2024-01-30	South America / Brazil / Sao Paulo
EPI_ISL_18840216	2023	2024-01-30	South America / Brazil / Sao Paulo
EPI_ISL_18840217	2023	2024-01-30	South America / Brazil / Sao Paulo
EPI_ISL_18840218	2023	2024-01-30	South America / Brazil / Sao Paulo
EPI_ISL_18840219	2023-04-26	2024-01-30	South America / Brazil / Sao Paulo
EPI_ISL_18840220	2023-04-26	2024-01-30	South America / Brazil / Sao Paulo
EPI_ISL_18840221	2023-04-26	2024-01-30	South America / Brazil / Sao Paulo
EPI_ISL_18840222	2023-04-25	2024-01-30	South America / Brazil / Sao Paulo
EPI_ISL_18840223	2023-04-19	2024-01-30	South America / Brazil / Sao Paulo
EPI_ISL_18840224	2023-04-19	2024-01-30	South America / Brazil / Sao Paulo
EPI_ISL_18840225	2023-04-18	2024-01-30	South America / Brazil / Sao Paulo
EPI_ISL_18840226	2023-04-17	2024-01-30	South America / Brazil / Sao Paulo
EPI_ISL_18840227	2023-04-17	2024-01-30	South America / Brazil / Sao Paulo
EPI_ISL_18840228	2023-04-11	2024-01-30	South America / Brazil / Sao Paulo
EPI_ISL_18840229	2023-04-11	2024-01-30	South America / Brazil / Sao Paulo
EPI_ISL_18840230	2023-03-27	2024-01-30	South America / Brazil / Sao Paulo
EPI_ISL_18840231	2023-03-27	2024-01-30	South America / Brazil / Sao Paulo
EPI_ISL_18840232	2023-04-10	2024-01-30	South America / Brazil / Sao Paulo
EPI_ISL_18840233	2023-04-04	2024-01-30	South America / Brazil / Sao Paulo
EPI_ISL_18840234	2023-04-03	2024-01-30	South America / Brazil / Sao Paulo
EPI_ISL_18840235	2023-03-28	2024-01-30	South America / Brazil / Sao Paulo
EPI_ISL_18840236	2023-03-23	2024-01-30	South America / Brazil / Sao Paulo
EPI_ISL_18840237	2023-03-22	2024-01-30	South America / Brazil / Sao Paulo
EPI_ISL_18840238	2023-03-01	2024-01-30	South America / Brazil / Sao Paulo
EPI_ISL_18840239	2023-02-28	2024-01-30	South America / Brazil / Sao Paulo
EPI_ISL_18840240	2023-02-23	2024-01-30	South America / Brazil / Sao Paulo
EPI_ISL_18840241	2023-02-14	2024-01-30	South America / Brazil / Sao Paulo
EPI_ISL_18840242	2023-04-03	2024-01-30	South America / Brazil / Sao Paulo
EPI_ISL_18870969	2023-11-14	2024-02-07	South America / Brazil / Sao Paulo / Pindamonhangaba
EPI_ISL_18870970	2023-11-27	2024-02-07	South America / Brazil / Sao Paulo / Marilia
EPI_ISL_18870971	2023-12-04	2024-02-07	South America / Brazil / Sao Paulo / Taubate
EPI_ISL_18870972	2023-12-01	2024-02-07	South America / Brazil / Sao Paulo / Campinas
EPI_ISL_18870973	2023-12-01	2024-02-07	South America / Brazil / Sao Paulo / Campinas
EPI_ISL_18870974	2023-12-12	2024-02-07	South America / Brazil / Sao Paulo / Jau
EPI_ISL_18870975	2023-12-12	2024-02-07	South America / Brazil / Sao Paulo / Getulina
EPI_ISL_18870977	2023-11-29	2024-02-07	South America / Brazil / Sao Paulo / Tupa
EPI_ISL_18870978	2023-12-17	2024-02-07	South America / Brazil / Sao Paulo / Taubate
EPI_ISL_18870979	2023-12-19	2024-02-07	South America / Brazil / Sao Paulo / Tremembe
EPI_ISL_18870980	2023-12-13	2024-02-07	South America / Brazil / Sao Paulo / Pederneiras
EPI_ISL_18870981	2023-12-13	2024-02-07	South America / Brazil / Sao Paulo / Pederneiras
EPI_ISL_18870982	2023-12-20	2024-02-07	South America / Brazil / Sao Paulo / Sao Paulo
EPI_ISL_18870983	2023-12-19	2024-02-07	South America / Brazil / Sao Paulo / Campinas
EPI_ISL_18870984	2023-12-25	2024-02-07	South America / Brazil / Sao Paulo / Taubate
EPI_ISL_18870985	2023-12-26	2024-02-07	South America / Brazil / Sao Paulo / Caraguatatuba
EPI_ISL_18870987	2023-12-27	2024-02-07	South America / Brazil / Sao Paulo / General Salgado
EPI_ISL_18870988	2023-12-15	2024-02-07	South America / Brazil / Sao Paulo / Brodowski
EPI_ISL_18870989	2023-12-11	2024-02-07	South America / Brazil / Sao Paulo / Jacarei
EPI_ISL_18870990	2023-12-28	2024-02-07	South America / Brazil / Sao Paulo / Guarulhos
EPI_ISL_18870991	2024-01-02	2024-02-07	South America / Brazil / Sao Paulo / Sao Paulo
EPI_ISL_18870992	2024-01-01	2024-02-07	South America / Brazil / Sao Paulo / Sao Paulo
EPI_ISL_18870993	2024-01-02	2024-02-07	South America / Brazil / Sao Paulo / Sao Paulo
EPI_ISL_18870994	2024-01-04	2024-02-07	South America / Brazil / Sao Paulo / Sao Paulo
EPI_ISL_18870995	2024-01-04	2024-02-07	South America / Brazil / Sao Paulo / Guarulhos
EPI_ISL_18870996	2023-12-01	2024-02-07	South America / Brazil / Sao Paulo / Sao Jose Dos Campos
EPI_ISL_18870997	2023-12-10	2024-02-07	South America / Brazil / Sao Paulo / Guarulhos
EPI_ISL_18870998	2023-12-12	2024-02-07	South America / Brazil / Sao Paulo / Sao Jose Dos Campos
EPI_ISL_18870999	2023-12-15	2024-02-07	South America / Brazil / Sao Paulo / Sao Jose Dos Campos
EPI_ISL_18871000	2023-12-27	2024-02-07	South America / Brazil / Sao Paulo / Sao Jose Dos Campos
EPI_ISL_18871001	2023-12-27	2024-02-07	South America / Brazil / Sao Paulo / Guarulhos
EPI_ISL_18871002	2023-12-31	2024-02-07	South America / Brazil / Sao Paulo / Sao Paulo
EPI_ISL_18871003	2023-11-28	2024-02-07	South America / Brazil / Sao Paulo / Votuporanga
EPI_ISL_18871004	2023-11-28	2024-02-07	South America / Brazil / Sao Paulo / Votuporanga
EPI_ISL_18871005	2023-12-04	2024-02-07	South America / Brazil / Sao Paulo / Votuporanga
EPI_ISL_18871006	2023-12-29	2024-02-07	South America / Brazil / Sao Paulo / Votuporanga
EPI_ISL_18871007	2023-12-28	2024-02-07	South America / Brazil / Sao Paulo / Votuporanga
EPI_ISL_18882277	2023-02-09	2024-02-12	South America / Brazil / Sao Paulo
EPI_ISL_18892333	2023-11-03	2024-02-14	South America / Brazil / Sao Paulo / Sao Jose do Rio Preto
EPI_ISL_18977784	2024-01-25	2024-03-13	South America / Brazil / Sao Paulo / Sao Jose do Rio Preto
EPI_ISL_19075352	2024-03-15	2024-04-26	South America / Brazil / Sao Paulo / Sertaozinho
EPI_ISL_19115837	2024-01-07	2024-05-08	South America / Brazil / Sao Paulo / Itirapina
EPI_ISL_19115838	2024-01-08	2024-05-08	South America / Brazil / Sao Paulo / Guaratingueta
EPI_ISL_19115839	2024-01-15	2024-05-08	South America / Brazil / Sao Paulo / Guarulhos
EPI_ISL_19115840	2024-01-18	2024-05-08	South America / Brazil / Sao Paulo / Guarulhos
EPI_ISL_19115842	2024-01-16	2024-05-08	South America / Brazil / Sao Paulo / Guarulhos
EPI_ISL_19115843	2024-01-17	2024-05-08	South America / Brazil / Sao Paulo / Taruma
EPI_ISL_19115844	2024-01-17	2024-05-08	South America / Brazil / Sao Paulo / Piracicaba
EPI_ISL_19115845	2024-01-18	2024-05-08	South America / Brazil / Sao Paulo / Araras
EPI_ISL_19115846	2024-01-22	2024-05-08	South America / Brazil / Sao Paulo / Taubate
EPI_ISL_19115847	2024-01-23	2024-05-08	South America / Brazil / Sao Paulo / Itapira
EPI_ISL_19115848	2024-01-19	2024-05-08	South America / Brazil / Sao Paulo / Pirassununga
EPI_ISL_19115849	2024-01-23	2024-05-08	South America / Brazil / Sao Paulo / Limeira
EPI_ISL_19115850	2024-01-23	2024-05-08	South America / Brazil / Sao Paulo / Sao Jose Dos Campos
EPI_ISL_19115851	2024-01-29	2024-05-08	South America / Brazil / Sao Paulo / Santo Andre
EPI_ISL_19115852	2024-01-23	2024-05-08	South America / Brazil / Sao Paulo / Ourinhos
EPI_ISL_19115853	2024-01-31	2024-05-08	South America / Brazil / Sao Paulo / Braganca Paulista
EPI_ISL_19115854	2024-01-25	2024-05-08	South America / Brazil / Sao Paulo / Mogi Guacu
EPI_ISL_19115855	2024-02-05	2024-05-08	South America / Brazil / Sao Paulo / Bariri
EPI_ISL_19115856	2024-02-05	2024-05-08	South America / Brazil / Sao Paulo / Jau
EPI_ISL_19115857	2024-01-27	2024-05-08	South America / Brazil / Sao Paulo / Santos
EPI_ISL_19115858	2024-02-03	2024-05-08	South America / Brazil / Sao Paulo / Itu
EPI_ISL_19115859	2024-01-26	2024-05-08	South America / Brazil / Sao Paulo / Marilia
EPI_ISL_19115860	2024-02-02	2024-05-08	South America / Brazil / Sao Paulo / Aracatuba
EPI_ISL_19115861	2024-01-29	2024-05-08	South America / Brazil / Sao Paulo / Santa Cruz Do Rio Pardo
EPI_ISL_19115862	2024-01-30	2024-05-08	South America / Brazil / Sao Paulo / Tupa
EPI_ISL_19115863	2024-02-06	2024-05-08	South America / Brazil / Sao Paulo / Jundiai
EPI_ISL_19115864	2024-02-13	2024-05-08	South America / Brazil / Sao Paulo / Campinas
EPI_ISL_19115865	2024-02-14	2024-05-08	South America / Brazil / Sao Paulo / Hortolandia
EPI_ISL_19115866	2024-02-12	2024-05-08	South America / Brazil / Sao Paulo / Estiva Gerbi
EPI_ISL_19115867	2024-02-15	2024-05-08	South America / Brazil / Sao Paulo / Bauru
EPI_ISL_19115868	2024-02-09	2024-05-08	South America / Brazil / Sao Paulo / Sao Caetano Do Sul
EPI_ISL_19115869	2024-02-13	2024-05-08	South America / Brazil / Sao Paulo / Sorocaba
EPI_ISL_19115870	2024-01-15	2024-05-08	South America / Brazil / Sao Paulo / Guarulhos
EPI_ISL_19115871	2024-01-15	2024-05-08	South America / Brazil / Sao Paulo / Guarulhos
EPI_ISL_19115872	2024-01-19	2024-05-08	South America / Brazil / Sao Paulo / Sao Paulo
EPI_ISL_19115873	2024-01-16	2024-05-08	South America / Brazil / Sao Paulo / Sao Paulo
EPI_ISL_19115874	2024-01-23	2024-05-08	South America / Brazil / Sao Paulo / Sao Paulo
EPI_ISL_19115875	2024-01-22	2024-05-08	South America / Brazil / Sao Paulo / Paraisopolis
EPI_ISL_19115876	2024-01-23	2024-05-08	South America / Brazil / Sao Paulo / Guarulhos
EPI_ISL_19115877	2024-01-23	2024-05-08	South America / Brazil / Sao Paulo / Guarulhos
EPI_ISL_19115878	2024-01-24	2024-05-08	South America / Brazil / Sao Paulo / Guarulhos
EPI_ISL_19115879	2024-01-29	2024-05-08	South America / Brazil / Sao Paulo / Sao Jose Dos Campos
EPI_ISL_19115880	2024-02-19	2024-05-08	South America / Brazil / Sao Paulo / Rio Claro
EPI_ISL_19115881	2024-03-29	2024-05-08	South America / Brazil / Sao Paulo / Sao Paulo
EPI_ISL_19115882	2024-03-29	2024-05-08	South America / Brazil / Sao Paulo / Sao Paulo
EPI_ISL_19150223	2023-11-11	2024-05-20	South America / Brazil / Sao Paulo
EPI_ISL_19150224	2023-11-29	2024-05-20	South America / Brazil / Sao Paulo
EPI_ISL_19150225	2023-12-06	2024-05-20	South America / Brazil / Sao Paulo
EPI_ISL_19150226	2023-12-17	2024-05-20	South America / Brazil / Sao Paulo
EPI_ISL_19150227	2023-12-21	2024-05-20	South America / Brazil / Sao Paulo
EPI_ISL_19150228	2023-12-25	2024-05-20	South America / Brazil / Sao Paulo
EPI_ISL_19150229	2024-01-03	2024-05-20	South America / Brazil / Sao Paulo
EPI_ISL_19150230	2023-12-31	2024-05-20	South America / Brazil / Sao Paulo
EPI_ISL_19150231	2024-01-04	2024-05-20	South America / Brazil / Sao Paulo
EPI_ISL_19150232	2024-01-04	2024-05-20	South America / Brazil / Sao Paulo
EPI_ISL_19150233	2024-01-04	2024-05-20	South America / Brazil / Sao Paulo
EPI_ISL_19150234	2024-01-07	2024-05-20	South America / Brazil / Sao Paulo
EPI_ISL_19150235	2024-01-07	2024-05-20	South America / Brazil / Sao Paulo
EPI_ISL_19150236	2023-12-02	2024-05-20	South America / Brazil / Sao Paulo
EPI_ISL_19150237	2023-11-18	2024-05-20	South America / Brazil / Sao Paulo
EPI_ISL_19150238	2023-11-23	2024-05-20	South America / Brazil / Sao Paulo
EPI_ISL_19150239	2023-12-13	2024-05-20	South America / Brazil / Sao Paulo
EPI_ISL_19150240	2024-01-01	2024-05-20	South America / Brazil / Sao Paulo
EPI_ISL_19150242	2024-01-08	2024-05-20	South America / Brazil / Sao Paulo
EPI_ISL_19150245	2024-03-22	2024-05-20	South America / Brazil / Sao Paulo
EPI_ISL_19150246	2024-03-22	2024-05-20	South America / Brazil / Sao Paulo
EPI_ISL_19150247	2024-03-22	2024-05-20	South America / Brazil / Sao Paulo
EPI_ISL_19150248	2024-03-22	2024-05-20	South America / Brazil / Sao Paulo
EPI_ISL_19150249	2024-03-22	2024-05-20	South America / Brazil / Sao Paulo
EPI_ISL_19150250	2024-03-26	2024-05-20	South America / Brazil / Sao Paulo
EPI_ISL_19150251	2024-04-01	2024-05-20	South America / Brazil / Sao Paulo
EPI_ISL_19150252	2024-04-02	2024-05-20	South America / Brazil / Sao Paulo
EPI_ISL_19150253	2024-04-03	2024-05-20	South America / Brazil / Sao Paulo
EPI_ISL_19150254	2024-04-03	2024-05-20	South America / Brazil / Sao Paulo
EPI_ISL_19150255	2024-04-04	2024-05-20	South America / Brazil / Sao Paulo
EPI_ISL_19150256	2024-04-08	2024-05-20	South America / Brazil / Sao Paulo
EPI_ISL_19150257	2024-04-09	2024-05-20	South America / Brazil / Sao Paulo
EPI_ISL_19150258	2024-04-10	2024-05-20	South America / Brazil / Sao Paulo
EPI_ISL_19150259	2024-04-10	2024-05-20	South America / Brazil / Sao Paulo
EPI_ISL_19150260	2024-04-15	2024-05-20	South America / Brazil / Sao Paulo
EPI_ISL_19150261	2024-04-16	2024-05-20	South America / Brazil / Sao Paulo
EPI_ISL_19150262	2024-04-17	2024-05-20	South America / Brazil / Sao Paulo
EPI_ISL_19150263	2024-04-18	2024-05-20	South America / Brazil / Sao Paulo
EPI_ISL_19150264	2024-04-23	2024-05-20	South America / Brazil / Sao Paulo
EPI_ISL_19150265	2024-04-24	2024-05-20	South America / Brazil / Sao Paulo
EPI_ISL_19150266	2024-04-24	2024-05-20	South America / Brazil / Sao Paulo
EPI_ISL_19150267	2024-04-26	2024-05-20	South America / Brazil / Sao Paulo
EPI_ISL_19150268	2024-04-29	2024-05-20	South America / Brazil / Sao Paulo
EPI_ISL_19150269	2024-04-30	2024-05-20	South America / Brazil / Sao Paulo
EPI_ISL_19150270	2024-05-02	2024-05-20	South America / Brazil / Sao Paulo
EPI_ISL_19150271	2023-12-11	2024-05-20	South America / Brazil / Sao Paulo
EPI_ISL_19150272	2024-01-03	2024-05-20	South America / Brazil / Sao Paulo
EPI_ISL_19150277	2024-01-02	2024-05-20	South America / Brazil / Sao Paulo
EPI_ISL_19150284	2024-02-09	2024-05-20	South America / Brazil / Sao Paulo
EPI_ISL_19150285	2024-02-17	2024-05-20	South America / Brazil / Sao Paulo
EPI_ISL_19150286	2024-01-02	2024-05-20	South America / Brazil / Sao Paulo
EPI_ISL_19150287	2024-01-07	2024-05-20	South America / Brazil / Sao Paulo
EPI_ISL_19150288	2024-01-10	2024-05-20	South America / Brazil / Sao Paulo
EPI_ISL_19150289	2024-01-14	2024-05-20	South America / Brazil / Sao Paulo
EPI_ISL_19150290	2024-01-28	2024-05-20	South America / Brazil / Sao Paulo
EPI_ISL_19150291	2024-01-26	2024-05-20	South America / Brazil / Sao Paulo
EPI_ISL_19150292	2024-01-26	2024-05-20	South America / Brazil / Sao Paulo
EPI_ISL_19150293	2024-01-25	2024-05-20	South America / Brazil / Sao Paulo
EPI_ISL_19150294	2024-01-26	2024-05-20	South America / Brazil / Sao Paulo
EPI_ISL_19150295	2024-01-26	2024-05-20	South America / Brazil / Sao Paulo
EPI_ISL_19150296	2024-01-27	2024-05-20	South America / Brazil / Sao Paulo
EPI_ISL_19150297	2024-01-29	2024-05-20	South America / Brazil / Sao Paulo
EPI_ISL_19150298	2024-02-01	2024-05-20	South America / Brazil / Sao Paulo
EPI_ISL_19150299	2024-02-13	2024-05-20	South America / Brazil / Sao Paulo
EPI_ISL_19150300	2024-02-09	2024-05-20	South America / Brazil / Sao Paulo
EPI_ISL_19150301	2024-02-11	2024-05-20	South America / Brazil / Sao Paulo
EPI_ISL_19150302	2024-01-05	2024-05-20	South America / Brazil / Sao Paulo
EPI_ISL_19150303	2023-12-10	2024-05-20	South America / Brazil / Sao Paulo
EPI_ISL_19150304	2024-01-07	2024-05-20	South America / Brazil / Sao Paulo
EPI_ISL_19150305	2024-01-08	2024-05-20	South America / Brazil / Sao Paulo
EPI_ISL_19179562	2024-03-31	2024-06-04	South America / Brazil / Sao Paulo / Sao Paulo
EPI_ISL_19179563	2024-02-01	2024-06-04	South America / Brazil / Sao Paulo / Sao Paulo
EPI_ISL_19179564	2024-01-31	2024-06-04	South America / Brazil / Sao Paulo / Sao Paulo
EPI_ISL_19179565	2024-02-12	2024-06-04	South America / Brazil / Sao Paulo / Sao Jose dos Campos
EPI_ISL_19179566	2024-02-11	2024-06-04	South America / Brazil / Sao Paulo / Sao Jose dos Campos
EPI_ISL_19179567	2024-03-22	2024-06-04	South America / Brazil / Sao Paulo / Sertaozinho
EPI_ISL_19179568	2024-03-13	2024-06-04	South America / Brazil / Sao Paulo / Sao Carlos
EPI_ISL_19179569	2024-04-06	2024-06-04	South America / Brazil / Sao Paulo / Campinas
EPI_ISL_408927	2010-02	2010-05-04	South America / Brazil / Sao Paulo
EPI_ISL_408931	2010-02	2010-05-04	South America / Brazil / Sao Paulo
EPI_ISL_408937	2010-02	2010-05-04	South America / Brazil / Sao Paulo
EPI_ISL_408939	2010-02	2010-05-04	South America / Brazil / Sao Paulo
EPI_ISL_408942	2010-02	2010-05-04	South America / Brazil / Sao Paulo
EPI_ISL_408944	2010-02	2010-05-04	South America / Brazil / Sao Paulo
EPI_ISL_408945	2010-02	2010-05-04	South America / Brazil / Sao Paulo
EPI_ISL_408946	2010-02	2010-05-04	South America / Brazil / Sao Paulo
EPI_ISL_408949	2010-02	2010-05-04	South America / Brazil / Sao Paulo
EPI_ISL_408950	2010-02	2010-05-04	South America / Brazil / Sao Paulo
EPI_ISL_408951	2010-02	2010-05-04	South America / Brazil / Sao Paulo
EPI_ISL_408952	2010-02	2010-05-04	South America / Brazil / Sao Paulo
EPI_ISL_408953	2010-02	2010-05-04	South America / Brazil / Sao Paulo
EPI_ISL_408954	2010-02	2010-05-04	South America / Brazil / Sao Paulo
EPI_ISL_408957	2010-02	2010-05-04	South America / Brazil / Sao Paulo
EPI_ISL_408958	2010-02	2010-05-04	South America / Brazil / Sao Paulo
EPI_ISL_408959	2010-02	2010-05-04	South America / Brazil / Sao Paulo
EPI_ISL_408960	2010-02	2010-05-04	South America / Brazil / Sao Paulo
EPI_ISL_431883	2010-03-01	2012-07-06	South America / Brazil / Sao Paulo / Santos
EPI_ISL_431891	2010-03-01	2012-07-06	South America / Brazil / Sao Paulo
EPI_ISL_431900	2010-02-24	2012-07-24	South America / Brazil / Sao Paulo
EPI_ISL_435432	2010-02-24	2012-07-24	South America / Brazil / Sao Paulo
EPI_ISL_436110	2010-02-24	2012-07-24	South America / Brazil / Sao Paulo
EPI_ISL_436744	2010-02-24	2012-07-24	South America / Brazil / Sao Paulo
EPI_ISL_436745	2010-02-24	2012-07-24	South America / Brazil / Sao Paulo
EPI_ISL_436746	2010-02-22	2012-07-24	South America / Brazil / Sao Paulo
EPI_ISL_436747	2010-02-22	2012-07-24	South America / Brazil / Sao Paulo
EPI_ISL_495004	2013-01-14	2014-11-22	South America / Brazil / Sao Paulo / Sao Jose do Rio Preto
EPI_ISL_495005	2013-01-05	2014-11-22	South America / Brazil / Sao Paulo / Sao Jose do Rio Preto
EPI_ISL_495006	2012-03-16	2014-11-22	South America / Brazil / Sao Paulo / Sao Jose do Rio Preto
EPI_ISL_772734	2015-04	2019-05-21	South America / Brazil / Sao Paulo / Sao Paulo
EPI_ISL_772735	2014-10	2019-05-21	South America / Brazil / Sao Paulo / Sao Paulo
EPI_ISL_773625	2019-04-25	2019-10-12	South America / Brazil / Sao Paulo / Sao Paulo
EPI_ISL_808164	2019-04-02	2020-08-26	South America / Brazil / Sao Paulo / Valparaiso
EPI_ISL_808165	2019-03-29	2020-08-26	South America / Brazil / Sao Paulo / Valparaiso
EPI_ISL_808166	2019-03-07	2020-08-26	South America / Brazil / Sao Paulo / Valparaiso
EPI_ISL_808189	2017-05-09	2020-08-26	South America / Brazil / Sao Paulo / Sao Francisco
EPI_ISL_808198	2016-03-01	2020-08-26	South America / Brazil / Sao Paulo / Ribeirao Preto
EPI_ISL_808199	2016-02-20	2020-08-26	South America / Brazil / Sao Paulo / Ribeirao Preto
EPI_ISL_808200	2016-02-19	2020-08-26	South America / Brazil / Sao Paulo / Ribeirao Preto
EPI_ISL_808201	2016-02-13	2020-08-26	South America / Brazil / Sao Paulo / Ribeirao Preto
EPI_ISL_808202	2016-01-29	2020-08-26	South America / Brazil / Sao Paulo / Ribeirao Preto
EPI_ISL_808203	2016-01-25	2020-08-26	South America / Brazil / Sao Paulo / Ribeirao Preto
EPI_ISL_808204	2016-01-19	2020-08-26	South America / Brazil / Sao Paulo / Ribeirao Preto
EPI_ISL_808587	2019-09-05	2020-11-02	South America / Brazil / Sao Paulo / Ribeirao Preto
EPI_ISL_808588	2019-09-05	2020-11-02	South America / Brazil / Sao Paulo / Ribeirao Preto
EPI_ISL_808589	2019-07-18	2020-11-02	South America / Brazil / Sao Paulo / Ribeirao Preto
EPI_ISL_808590	2019-07-11	2020-11-02	South America / Brazil / Sao Paulo / Ribeirao Preto
EPI_ISL_808591	2019-06-19	2020-11-02	South America / Brazil / Sao Paulo / Ribeirao Preto
EPI_ISL_808592	2019-06-12	2020-11-02	South America / Brazil / Sao Paulo / Ribeirao Preto
EPI_ISL_808593	2019-06-05	2020-11-02	South America / Brazil / Sao Paulo / Ribeirao Preto
EPI_ISL_808594	2019-05-21	2020-11-02	South America / Brazil / Sao Paulo / Ribeirao Preto
EPI_ISL_808595	2019-04-18	2020-11-02	South America / Brazil / Sao Paulo / Ribeirao Preto
EPI_ISL_808596	2019-04-16	2020-11-02	South America / Brazil / Sao Paulo / Ribeirao Preto
EPI_ISL_808597	2019-04-09	2020-11-02	South America / Brazil / Sao Paulo / Ribeirao Preto
EPI_ISL_808598	2019-04-05	2020-11-02	South America / Brazil / Sao Paulo / Ribeirao Preto
EPI_ISL_808599	2019-03-12	2020-11-02	South America / Brazil / Sao Paulo / Ribeirao Preto
EPI_ISL_808600	2019-01-29	2020-11-02	South America / Brazil / Sao Paulo / Ribeirao Preto
EPI_ISL_808601	2019-01-28	2020-11-02	South America / Brazil / Sao Paulo / Ribeirao Preto
EPI_ISL_808602	2019-01-25	2020-11-02	South America / Brazil / Sao Paulo / Ribeirao Preto
EPI_ISL_808603	2019-01-19	2020-11-02	South America / Brazil / Sao Paulo / Ribeirao Preto
EPI_ISL_808604	2018-11-18	2020-11-02	South America / Brazil / Sao Paulo / Ribeirao Preto
EPI_ISL_808605	2018-11-11	2020-11-02	South America / Brazil / Sao Paulo / Ribeirao Preto
EPI_ISL_808606	2018-10-01	2020-11-02	South America / Brazil / Sao Paulo / Ribeirao Preto
EPI_ISL_808607	2018-04-17	2020-11-02	South America / Brazil / Sao Paulo / Ribeirao Preto
EPI_ISL_808608	2018-02-19	2020-11-02	South America / Brazil / Sao Paulo / Ribeirao Preto
EPI_ISL_808609	2010-04-23	2020-11-02	South America / Brazil / Sao Paulo / Ribeirao Preto
EPI_ISL_808610	2010-04-22	2020-11-02	South America / Brazil / Sao Paulo / Ribeirao Preto
EPI_ISL_808611	2010-03-27	2020-11-02	South America / Brazil / Sao Paulo / Ribeirao Preto
EPI_ISL_808612	2010-03-26	2020-11-02	South America / Brazil / Sao Paulo / Ribeirao Preto
EPI_ISL_808613	2019-04-11	2020-11-02	South America / Brazil / Sao Paulo / Monte Aprazivel
EPI_ISL_9713992	2012-06-01	2022-02-10	South America / Brazil / Sao Paulo
